#rname	startpos	endpos	numreads	covbases	coverage	meandepth	meanbaseq	meanmapq
NODE_1_length_54347_cov_50.490989	1	54347	42625	54037	99.4296	113.526	30	58.7
NODE_2_length_46383_cov_73.316086	1	46383	53333	45995	99.1635	164.581	30	56.5
NODE_3_length_43514_cov_273.213911	1	43514	171718	43370	99.6691	581.164	30	59.2
NODE_4_length_43294_cov_94.519251	1	43294	70793	42986	99.2886	236.375	30	58.4
NODE_5_length_41637_cov_2596.310748	1	41637	1515286	41606	99.9255	4208.12	30	59.4
NODE_6_length_41134_cov_31.510717	1	41134	21675	39918	97.0438	74.866	30	57.3
NODE_7_length_39930_cov_63.251023	1	39930	37264	39482	98.878	136.227	30	58.7
NODE_8_length_39317_cov_20.818425	1	39317	12631	38484	97.8813	46.5895	30	58.8
NODE_9_length_37899_cov_58.858325	1	37899	32340	37511	98.9762	124.686	30	58
NODE_10_length_36298_cov_99.214816	1	36298	53513	35596	98.066	212.579	30	56.9
NODE_11_length_35354_cov_94.822065	1	35354	50343	35183	99.5163	208.324	30	59.1
NODE_12_length_33997_cov_21.725476	1	33997	11897	32731	96.2761	50.0825	30	58.4
NODE_13_length_32810_cov_53.368619	1	32810	27528	32457	98.9241	121.252	30	58.8
NODE_14_length_31541_cov_375.694295	1	31541	183921	31471	99.7781	822.628	30	56.3
NODE_15_length_30846_cov_38.941343	1	30846	18726	30544	99.0209	88.0091	30	58.7
NODE_16_length_30369_cov_70.362076	1	30369	34041	30265	99.6575	161.16	30	58.6
NODE_17_length_29919_cov_62.378259	1	29919	28209	29574	98.8469	138.204	30	58.6
NODE_18_length_29576_cov_101.373402	1	29576	44146	29363	99.2798	217.318	30	58
NODE_19_length_28361_cov_51.378801	1	28361	22013	28232	99.5452	111.819	30	57.2
NODE_20_length_27130_cov_69.957842	1	27130	29656	25838	95.2377	157.46	30	58.7
NODE_21_length_25110_cov_263.361363	1	25110	120816	24931	99.2871	597.409	30	52.4
NODE_22_length_24393_cov_35.651010	1	24393	14147	24068	98.6677	84.7189	30	59
NODE_23_length_23048_cov_145.276547	1	23048	49298	22943	99.5444	315.389	30	59.2
NODE_24_length_22434_cov_51.641857	1	22434	17127	22434	100	110.474	30	58.8
NODE_25_length_20553_cov_135.652569	1	20553	40477	20429	99.3967	290.075	30	59.3
NODE_26_length_20408_cov_121.910531	1	20408	37553	20331	99.6227	267.217	30	58.3
NODE_27_length_20256_cov_330.176232	1	20256	99943	20170	99.5754	721.584	30	59
NODE_28_length_20026_cov_75.219610	1	20026	22445	19762	98.6817	163.726	30	58.9
NODE_29_length_19066_cov_93.914534	1	19066	27363	18847	98.8514	207.301	30	58.7
NODE_30_length_18811_cov_24.310111	1	18811	6807	18775	99.8086	52.7525	30	58.9
NODE_31_length_18546_cov_29.877958	1	18546	8443	18145	97.8378	66.3463	30	58.9
NODE_32_length_18207_cov_55.347049	1	18207	15559	17988	98.7972	124.496	30	58.9
NODE_33_length_17936_cov_187.829778	1	17936	49169	17936	100	398.92	30	58.3
NODE_34_length_16721_cov_47.027579	1	16721	11356	16610	99.3362	99.7428	30	59.1
NODE_35_length_15977_cov_46.316226	1	15977	11585	15958	99.8811	103.928	30	58.7
NODE_36_length_14402_cov_32.979190	1	14402	7488	14264	99.0418	73.696	30	56.4
NODE_37_length_13013_cov_44.780612	1	13013	8388	13013	100	94.405	30	58.9
NODE_38_length_12878_cov_184.542301	1	12878	36030	12878	100	402.821	30	58.4
NODE_39_length_12338_cov_64.624144	1	12338	11830	12300	99.692	140.01	30	59
NODE_40_length_12130_cov_38.792614	1	12130	7041	11824	97.4773	85.0905	30	59.2
NODE_41_length_12022_cov_153.967602	1	12022	26186	12022	100	321.363	30	59.3
NODE_42_length_11872_cov_143.590844	1	11872	26809	11628	97.9447	323.483	30	57.2
NODE_43_length_11367_cov_35.199823	1	11367	6035	11333	99.7009	77.1729	30	58.8
NODE_44_length_11279_cov_56.261471	1	11279	9646	11175	99.0779	123.319	30	58
NODE_45_length_10904_cov_134.269050	1	10904	21609	10904	100	287.765	30	58.9
NODE_46_length_10814_cov_161.425671	1	10814	27579	10680	98.7609	363.656	30	57.6
NODE_47_length_10794_cov_68.535504	1	10794	11206	10773	99.8054	150.893	30	58.7
NODE_48_length_9640_cov_63.051867	1	9640	7798	9640	100	117.724	30	55.7
NODE_49_length_9511_cov_570.249735	1	9511	76146	9424	99.0853	1189.89	30	59.6
NODE_50_length_9213_cov_171.021454	1	9213	35930	9213	100	469.963	30	57.5
NODE_51_length_9179_cov_32.837289	1	9179	4974	9113	99.281	78.3557	30	58.6
NODE_52_length_9017_cov_28.599038	1	9017	3751	8861	98.2699	60.785	30	59
NODE_53_length_8794_cov_33.789377	1	8794	4344	8794	100	72.3582	30	58.6
NODE_54_length_8399_cov_67.162701	1	8399	8161	8318	99.0356	142.654	30	59
NODE_55_length_8320_cov_51.623438	1	8320	6850	8320	100	110.372	30	53.6
NODE_56_length_8268_cov_25.389839	1	8268	3230	7613	92.0779	57.2055	30	59
NODE_57_length_8248_cov_88.365439	1	8248	12328	8076	97.9146	220.754	30	59.4
NODE_58_length_8071_cov_190.557168	1	8071	22657	8061	99.8761	406.093	30	58.8
NODE_59_length_7876_cov_29.240031	1	7876	3474	7842	99.5683	64.3057	30	59.1
NODE_60_length_7675_cov_17.436036	1	7675	2013	7666	99.8827	38.4537	30	59.1
NODE_61_length_7397_cov_31.462022	1	7397	3445	7312	98.8509	68.2627	30	59.1
NODE_62_length_7374_cov_107.689684	1	7374	12467	7374	100	244.923	30	58.5
NODE_63_length_7375_cov_3.299081	1	7375	544	6368	86.3458	10.714	30	59.1
NODE_64_length_7224_cov_34.305066	1	7224	3759	7224	100	75.3963	30	58.7
NODE_65_length_7175_cov_69.851789	1	7175	9458	7175	100	166.144	30	56.5
NODE_66_length_6959_cov_64.039233	1	6959	7051	6959	100	141.511	30	57.9
NODE_67_length_6557_cov_186.945833	1	6557	17773	6557	100	393.884	30	58.7
NODE_68_length_6437_cov_7.923113	1	6437	764	6310	98.027	17.2744	30	58.9
NODE_69_length_6247_cov_88.412804	1	6247	8060	6247	100	187.004	30	58.8
NODE_70_length_6042_cov_181.354401	1	6042	16264	6042	100	390.423	30	58.4
NODE_71_length_5864_cov_70.935372	1	5864	5945	5864	100	148.636	30	59
NODE_72_length_5703_cov_24.113224	1	5703	2121	5703	100	53.7056	30	58.9
NODE_73_length_5565_cov_35.769679	1	5565	2831	5565	100	74.5094	30	59
NODE_74_length_5421_cov_35.413361	1	5421	2745	5421	100	74.0587	30	58.8
NODE_75_length_5292_cov_83.064430	1	5292	6482	5225	98.7339	178.254	30	58.8
NODE_76_length_5234_cov_45.286989	1	5234	3668	5234	100	98.7639	30	57.6
NODE_77_length_4973_cov_254.015931	1	4973	17980	4973	100	530.228	30	58.6
NODE_78_length_4956_cov_108.729453	1	4956	8622	4838	97.619	252.851	30	58.8
NODE_79_length_4935_cov_10709.922602	1	4935	905551	4935	100	24529.4	30	52.5
NODE_80_length_4904_cov_24.566605	1	4904	1830	4904	100	53.0314	30	58.2
NODE_81_length_4903_cov_24.997096	1	4903	1300	4515	92.0865	37.8513	30	57.8
NODE_82_length_4821_cov_24.801855	1	4821	1745	4821	100	52.4213	30	58.8
NODE_83_length_4735_cov_35.363890	1	4735	2450	4735	100	74.8076	30	58.8
NODE_84_length_4612_cov_57.277178	1	4612	3723	4612	100	118.34	30	59
NODE_85_length_4586_cov_42.379020	1	4586	2746	4586	100	87.9932	30	59.3
NODE_86_length_4339_cov_41.096903	1	4339	2630	4339	100	88.7594	30	59.2
NODE_87_length_4279_cov_26.273917	1	4279	1608	4279	100	54.6658	30	58.8
NODE_88_length_4078_cov_32.331917	1	4078	2055	4078	100	70.2594	30	53.4
NODE_89_length_4068_cov_8.939113	1	4068	522	4068	100	18.721	30	59.2
NODE_90_length_4065_cov_81.364343	1	4065	4813	4065	100	171.433	30	58.6
NODE_91_length_3897_cov_177.529073	1	3897	12196	3897	100	456.787	30	58.9
NODE_92_length_3880_cov_4.536156	1	3880	305	3751	96.6753	11.275	30	58.8
NODE_93_length_3797_cov_17.296774	1	3797	977	3797	100	36.8362	30	58.7
NODE_94_length_3790_cov_2.120388	1	3790	369	3790	100	13.3675	30	46.1
NODE_95_length_3631_cov_124.944288	1	3631	7248	3631	100	292.24	30	59.1
NODE_96_length_3553_cov_71.440449	1	3553	3533	3553	100	146.877	30	59.3
NODE_97_length_3260_cov_7.211635	1	3260	366	3117	95.6135	16.3163	30	59.3
NODE_98_length_3183_cov_290.060528	1	3183	25026	3183	100	889.614	30	54.5
NODE_99_length_3165_cov_67.433614	1	3165	3087	3165	100	141.05	30	58.8
NODE_100_length_3111_cov_30.160514	1	3111	1302	3111	100	61.9	30	59.4
NODE_101_length_2991_cov_40.939602	1	2991	1748	2991	100	85.1067	30	58.6
NODE_102_length_2958_cov_103.653940	1	2958	4873	2958	100	227.283	30	54.9
NODE_103_length_2803_cov_8.603448	1	2803	356	2803	100	18.2843	30	58.5
NODE_104_length_2671_cov_34.144179	1	2671	1316	2671	100	71.1587	30	58.6
NODE_105_length_2634_cov_13.387564	1	2634	4114	2634	100	125.027	30	8.34
NODE_106_length_2631_cov_34.207909	1	2631	3271	2631	100	126.599	30	23.9
NODE_107_length_2603_cov_6.286619	1	2603	240	2603	100	13.2436	30	58.8
NODE_108_length_2568_cov_97.631473	1	2568	3775	2568	100	206.975	30	57.7
NODE_109_length_2503_cov_31.795136	1	2503	1133	2503	100	65.1906	30	58.5
NODE_110_length_2491_cov_3.632822	1	2491	158	2323	93.2557	9.0273	30	58.7
NODE_111_length_2228_cov_14.376104	1	2228	518	2228	100	31.7482	30	58.2
NODE_112_length_2191_cov_415.845317	1	2191	13120	2191	100	863.084	30	58.6
NODE_113_length_2160_cov_882.394143	1	2160	25078	2160	100	1703.48	30	54.3
NODE_114_length_2092_cov_16.229777	1	2092	608	2092	100	39.8666	30	57.3
NODE_115_length_2058_cov_11.807168	1	2058	351	2058	100	24.5496	30	58.8
NODE_116_length_2041_cov_12.621181	1	2041	438	2041	100	30.3067	30	57.6
NODE_117_length_2033_cov_46.880368	1	2033	1442	2033	100	100.023	30	58.5
NODE_118_length_2024_cov_22.343606	1	2024	661	2024	100	46.6393	30	58.3
NODE_119_length_1983_cov_4.834732	1	1983	140	1983	100	10.0676	30	58.8
NODE_120_length_1963_cov_14.765642	1	1963	442	1963	100	31.0632	30	57
NODE_121_length_1959_cov_156928.134431	1	1959	4141217	1959	100	187568	30	56.3
NODE_122_length_1903_cov_41.732749	1	1903	1083	1903	100	84.2081	30	59.4
NODE_123_length_1889_cov_12.580574	1	1889	338	1889	100	25.7877	30	58.8
NODE_124_length_1751_cov_63.637395	1	1751	1524	1751	100	128.215	30	59.4
NODE_125_length_1706_cov_24.169429	1	1706	588	1706	100	49.779	30	58.2
NODE_126_length_1695_cov_7.422126	1	1695	2310	1695	100	104.479	30	5.18
NODE_127_length_1638_cov_11.304292	1	1638	367	1638	100	27.7503	30	51.2
NODE_128_length_1606_cov_2070.928058	1	1606	49875	1606	100	4380.14	30	57.3
NODE_129_length_1571_cov_8.322624	1	1571	188	1571	100	17.3304	30	58.6
NODE_130_length_1481_cov_13.508547	1	1481	1586	1481	100	88.7603	30	11.3
NODE_131_length_1316_cov_1.529459	1	1316	66	1316	100	6.8617	30	55.5
NODE_132_length_1301_cov_11.182190	1	1301	321	1301	100	28.4804	30	49.6
NODE_133_length_1248_cov_12.551665	1	1248	254	1248	100	27.2075	30	51.9
NODE_134_length_1145_cov_7.574906	1	1145	112	1145	100	14.6279	30	60
NODE_135_length_1141_cov_10.206767	1	1141	155	1141	100	20.0123	30	59.3
NODE_136_length_1135_cov_16.503781	1	1135	262	1135	100	33.0432	30	58.1
NODE_137_length_1121_cov_323.632184	1	1121	4746	1121	100	628.393	30	59.5
NODE_138_length_1107_cov_2.745631	1	1107	68	1050	94.8509	8.26739	30	52.2
NODE_139_length_1084_cov_11.004965	1	1084	160	1084	100	21.6218	30	57.6
NODE_140_length_1083_cov_63.367793	1	1083	914	1083	100	124.657	30	59.3
NODE_141_length_1062_cov_77.154315	1	1062	1152	1062	100	155.376	30	58.5
NODE_142_length_1055_cov_8.197342	1	1055	124	1055	100	16.6284	30	58
NODE_143_length_1032_cov_8.029319	1	1032	110	1032	100	15.6279	30	58.5
NODE_144_length_982_cov_32.776796	1	982	460	982	100	65.8462	30	57.3
NODE_145_length_946_cov_59062.540852	1	946	759352	946	100	116550	30	58.6
NODE_146_length_904_cov_50.012092	1	904	654	904	100	101.821	30	56.5
NODE_147_length_902_cov_270.687273	1	902	3331	902	100	524.682	30	57.5
NODE_148_length_902_cov_0.787879	1	902	79	902	100	9.94568	30	22.8
NODE_149_length_883_cov_9.831266	1	883	171	883	100	21.1597	30	44
NODE_150_length_858_cov_3.548015	1	858	63	858	100	8.29371	30	49.6
NODE_151_length_855_cov_142.479434	1	855	1648	855	100	277.485	30	57.5
NODE_152_length_828_cov_5.595206	1	828	62	828	100	10.8889	30	59.6
NODE_153_length_814_cov_10.877883	1	814	112	814	100	20.4447	30	59.6
NODE_154_length_803_cov_23.707989	1	803	238	803	100	44.4259	30	59.9
NODE_155_length_801_cov_10.600829	1	801	110	801	100	20.2959	30	59.5
NODE_156_length_795_cov_7.633705	1	795	82	795	100	14.7447	30	57.8
NODE_157_length_792_cov_12.213986	1	792	131	787	99.3687	23.9747	30	58.9
NODE_158_length_792_cov_4.467133	1	792	48	792	100	8.72096	30	57.3
NODE_159_length_767_cov_2.479710	1	767	26	767	100	4.86701	30	58
NODE_160_length_762_cov_9.075912	1	762	98	762	100	18.021	30	57.6
NODE_161_length_761_cov_4.195906	1	761	41	761	100	7.92378	30	59.2
NODE_162_length_756_cov_553.285714	1	756	5299	756	100	1038.66	30	59.5
NODE_163_length_707_cov_2.847619	1	707	26	707	100	5.36634	30	58
NODE_164_length_706_cov_2.794913	1	706	25	706	100	5.23938	30	59.5
NODE_165_length_700_cov_0.402866	1	700	26	700	100	4.66143	30	44.2
NODE_166_length_700_cov_1.130016	1	700	36	700	100	6.17714	30	42.8
NODE_167_length_668_cov_3.245347	1	668	41	668	100	7.61377	30	57.9
NODE_168_length_656_cov_4.727116	1	656	42	656	100	9.10976	30	58.2
NODE_169_length_655_cov_2.823529	1	655	31	655	100	6.26412	30	53.4
NODE_170_length_651_cov_304236.308362	1	651	2934772	651	100	530300	30	57.9
NODE_171_length_646_cov_1.583480	1	646	13	646	100	3.01858	30	59.1
NODE_172_length_645_cov_6.677817	1	645	52	645	100	12.0899	30	59.6
NODE_173_length_644_cov_3.245150	1	644	26	644	100	6.04969	30	60
NODE_174_length_641_cov_605.588652	1	641	4856	641	100	1098.17	30	58.3
NODE_175_length_632_cov_269667.992793	1	632	2354988	632	100	441315	30	52.6
NODE_176_length_625_cov_1.937956	1	625	19	625	100	4.3824	30	57.1
NODE_177_length_621_cov_2.058824	1	621	20	621	100	4.43478	30	57.9
NODE_178_length_619_cov_10.595941	1	619	86	619	100	20.0065	30	59.3
NODE_179_length_602_cov_2.697719	1	602	23	602	100	5.50166	30	59.6
NODE_180_length_600_cov_0.793499	1	600	10	600	100	2.38667	30	56.8
NODE_181_length_587_cov_0.592157	1	587	12	587	100	2.44463	30	54.7
NODE_182_length_583_cov_1154.337945	1	583	8245	573	98.2847	2095.42	30	59.3
NODE_183_length_578_cov_5.419162	1	578	42	578	100	10.154	30	56.9
NODE_184_length_575_cov_22.128514	1	575	158	575	100	40.1357	30	58.9
NODE_185_length_560_cov_0.979296	1	560	8	560	100	2.14286	30	58.5
NODE_186_length_546_cov_6.535181	1	546	217	546	100	25.7143	30	19.8
NODE_187_length_546_cov_2.364606	1	546	29	546	100	6.91941	30	46.8
NODE_188_length_545_cov_3.467949	1	545	43	545	100	10.2844	30	55.6
NODE_189_length_542_cov_7.806452	1	542	54	542	100	14.6642	30	58.8
NODE_190_length_519_cov_6.529412	1	519	45	519	100	12.185	30	57.8
NODE_191_length_519_cov_0.990950	1	519	6	519	100	1.7341	30	60
NODE_192_length_504_cov_1.433255	1	504	16	498	98.8095	4.32937	30	51.2
NODE_193_length_502_cov_8.124706	1	502	48	502	100	14.3426	30	60
NODE_194_length_500_cov_3.366430	1	500	20	500	100	5.928	30	58.3
NODE_195_length_490_cov_2.259080	1	490	37	490	100	10.5694	30	47.2
NODE_196_length_486_cov_1.231144	1	486	20	486	100	4.63374	30	52.1
NODE_197_length_478_cov_0.713217	1	478	4	478	100	1.25523	30	60
NODE_198_length_468_cov_1.279188	1	468	119	468	100	23.5876	30	17.1
NODE_199_length_465_cov_6.829897	1	465	40	465	100	12.3247	30	59.2
NODE_200_length_461_cov_0.760417	1	461	4	461	100	1.30152	30	60
NODE_201_length_459_cov_0.693717	1	459	6	459	100	1.57081	30	51.2
NODE_202_length_452_cov_1.752000	1	452	9	452	100	2.98673	30	60
NODE_203_length_452_cov_0.957333	1	452	6	452	100	1.99115	30	60
NODE_204_length_447_cov_1.051351	1	447	7	447	100	2.07606	30	60
NODE_205_length_445_cov_5.201087	1	445	34	445	100	10.1663	30	58.5
NODE_206_length_444_cov_1.068120	1	444	10	435	97.973	2.67342	30	47.2
NODE_207_length_441_cov_64.851648	1	441	325	441	100	110.361	30	60
NODE_208_length_435_cov_6.248603	1	435	58	435	100	15.2023	30	54.3
NODE_209_length_435_cov_2.650838	1	435	13	435	100	4.48276	30	59.8
NODE_210_length_432_cov_115.081690	1	432	565	432	100	194.572	30	59.9
NODE_211_length_430_cov_4.249292	1	430	22	430	100	7.43256	30	59
NODE_212_length_429_cov_2.886364	1	429	34	429	100	11.0932	30	51
NODE_213_length_426_cov_0.836676	1	426	4	426	100	1.40845	30	60
NODE_214_length_422_cov_0.826087	1	422	4	422	100	1.4218	30	60
NODE_215_length_422_cov_0.750725	1	422	10	422	100	2.46919	30	57.2
NODE_216_length_421_cov_0.636628	1	421	9	421	100	1.98575	30	55.2
NODE_217_length_420_cov_1.489796	1	420	8	420	100	2.62857	30	52.5
NODE_218_length_417_cov_8.314706	1	417	120	417	100	38.0552	30	45.5
NODE_219_length_417_cov_1.288235	1	417	6	417	100	2.15827	30	60
NODE_220_length_417_cov_0.776471	1	417	6	417	100	1.91607	30	42.5
NODE_221_length_414_cov_0.872404	1	414	10	414	100	2.44928	30	57
NODE_222_length_413_cov_1.235119	1	413	21	413	100	5.25666	30	20.4
NODE_223_length_413_cov_0.827381	1	413	4	413	100	1.45278	30	60
NODE_224_length_412_cov_0.811940	1	412	6	412	100	1.68447	30	60
NODE_225_length_410_cov_0.795796	1	410	7	410	100	2.10732	30	58.7
NODE_226_length_409_cov_2.030120	1	409	22	409	100	6.28117	30	45.5
NODE_227_length_409_cov_1.138554	1	409	52	409	100	13.2152	30	27.2
NODE_228_length_407_cov_0.730303	1	407	6	407	100	2.20393	30	60
NODE_229_length_406_cov_0.647416	1	406	8	406	100	2.09113	30	53.6
NODE_230_length_404_cov_0.874618	1	404	4	404	100	1.48515	30	60
NODE_231_length_403_cov_0.920245	1	403	19	403	100	4.84615	30	29.6
NODE_232_length_402_cov_0.898462	1	402	4	402	100	1.49254	30	60
NODE_233_length_401_cov_0.663580	1	401	3	401	100	1.12219	30	60
NODE_234_length_400_cov_40.136223	1	400	218	400	100	72.8475	30	54.6
NODE_235_length_398_cov_4.230530	1	398	22	398	100	7.90452	30	58.7
NODE_236_length_393_cov_2.158228	1	393	34	393	100	8.91094	30	46.4
NODE_237_length_391_cov_1.436306	1	391	16	391	100	4.65473	30	43.7
NODE_238_length_390_cov_1.137380	1	390	8	390	100	2.49231	30	60
NODE_239_length_387_cov_0.746795	1	387	28	387	100	6.96899	30	18.7
NODE_240_length_387_cov_14.125806	1	387	71	387	100	25.4987	30	56.4
NODE_241_length_387_cov_0.887097	1	387	4	387	100	1.55039	30	60
NODE_242_length_386_cov_6.132686	1	386	27	386	100	10.2383	30	58.8
NODE_243_length_386_cov_0.728155	1	386	6	386	100	2.07513	30	59
NODE_244_length_385_cov_0.948052	1	385	4	385	100	1.55844	30	60
NODE_245_length_383_cov_46.343137	1	383	237	383	100	84.8068	30	57.6
NODE_246_length_383_cov_0.787582	1	383	8	383	100	2.49086	30	45.8
NODE_247_length_382_cov_69.121311	1	382	294	382	100	114.429	30	59.4
NODE_248_length_381_cov_0.960526	1	381	4	381	100	1.5748	30	60
NODE_249_length_381_cov_0.638158	1	381	4	381	100	1.31759	30	60
NODE_250_length_379_cov_429.503311	1	379	1815	379	100	685.784	30	57.5
NODE_251_length_378_cov_0.970100	1	378	4	378	100	1.5873	30	60
NODE_252_length_376_cov_1.464883	1	376	6	376	100	2.39362	30	60
NODE_253_length_375_cov_7.067114	1	375	32	375	100	12.4053	30	59
NODE_254_length_375_cov_2.446309	1	375	10	375	100	4	30	60
NODE_255_length_375_cov_1.140940	1	375	6	375	100	2.04	30	58
NODE_256_length_374_cov_2.410774	1	374	10	374	100	4.0107	30	60
NODE_257_length_372_cov_5.440678	1	372	22	372	100	8.87097	30	60
NODE_258_length_372_cov_1.061017	1	372	6	372	100	2.19892	30	58
NODE_259_length_371_cov_1.986395	1	371	8	371	100	3.2345	30	58.5
NODE_260_length_370_cov_1.375427	1	370	6	370	100	2.35946	30	60
NODE_261_length_370_cov_1.204778	1	370	5	370	100	1.99459	30	60
NODE_262_length_369_cov_1.000000	1	369	4	369	100	1.62602	30	60
NODE_263_length_367_cov_2.393103	1	367	15	367	100	5.41962	30	49.5
NODE_264_length_366_cov_1.792388	1	366	8	366	100	3.27869	30	60
NODE_265_length_363_cov_164623.286713	1	363	684891	363	100	268148	30	55.3
NODE_266_length_363_cov_0.643357	1	363	4	363	100	1.40771	30	60
NODE_267_length_362_cov_2.315789	1	362	17	362	100	5.05801	30	39.9
NODE_268_length_361_cov_0.704225	1	361	4	361	100	1.4072	30	60
NODE_269_length_360_cov_2.349823	1	360	13	360	100	5.00278	30	59.8
NODE_270_length_360_cov_1.257951	1	360	5	360	100	2.08333	30	60
NODE_271_length_360_cov_1.031802	1	360	4	360	100	1.66667	30	60
NODE_272_length_359_cov_1.120567	1	359	32	359	100	8.13928	30	19.6
NODE_273_length_359_cov_0.992908	1	359	4	359	100	1.67131	30	60
NODE_274_length_358_cov_2.982206	1	358	20	358	100	8.06704	30	54.4
NODE_275_length_358_cov_1.558719	1	358	6	358	100	2.51397	30	60
NODE_276_length_356_cov_198671.913978	1	356	824140	356	100	330765	30	57.3
NODE_277_length_355_cov_1.532374	1	355	8	355	100	2.93521	30	60
NODE_278_length_353_cov_0.706522	1	353	4	353	100	1.69122	30	60
NODE_279_length_352_cov_14.283636	1	352	54	352	100	23.0114	30	59.6
NODE_280_length_352_cov_1.061818	1	352	4	352	100	1.70455	30	60
NODE_281_length_352_cov_0.796364	1	352	3	352	100	1.27841	30	60
NODE_282_length_351_cov_2.934307	1	351	16	351	100	6.31339	30	58
NODE_283_length_350_cov_110.684982	1	350	472	350	100	186.386	30	57.1
NODE_284_length_350_cov_1.113553	1	350	10	350	100	2.98857	30	55.7
NODE_285_length_350_cov_1.069597	1	350	4	350	100	1.71429	30	60
NODE_286_length_348_cov_0.642066	1	348	4	348	100	1.5546	30	60
NODE_287_length_348_cov_0.638376	1	348	3	348	100	1.27299	30	60
NODE_288_length_347_cov_4.066667	1	347	16	347	100	6.72046	30	59.2
NODE_289_length_347_cov_1.985185	1	347	8	347	100	3.45821	30	60
NODE_290_length_343_cov_2.195489	1	343	8	343	100	3.49854	30	59.5
NODE_291_length_343_cov_0.932331	1	343	4	343	100	1.67347	30	58.2
NODE_292_length_343_cov_0.691729	1	343	5	343	100	1.52187	30	46.2
NODE_293_length_342_cov_1.256604	1	342	6	342	100	2.63158	30	60
NODE_294_length_342_cov_0.826415	1	342	3	342	100	1.31579	30	60
NODE_295_length_341_cov_47.988636	1	341	241	341	100	94.0323	30	53.8
NODE_296_length_340_cov_0.984791	1	340	6	340	100	2.36471	30	60
NODE_297_length_339_cov_1.671756	1	339	6	339	100	2.65487	30	60
NODE_298_length_339_cov_1.114504	1	339	5	339	100	2.21239	30	58.2
NODE_299_length_338_cov_1.632184	1	338	10	338	100	3.71598	30	58.9
NODE_300_length_338_cov_1.118774	1	338	18	338	100	4.63905	30	30.9
NODE_301_length_337_cov_1.684615	1	337	6	337	100	2.67062	30	60
NODE_302_length_336_cov_1.536680	1	336	9	336	100	3.9375	30	55.1
NODE_303_length_336_cov_1.162162	1	336	9	336	100	3.72619	30	55.8
NODE_304_length_336_cov_1.077220	1	336	45	336	100	14.9375	30	23.5
NODE_305_length_334_cov_1.136187	1	334	4	334	100	1.79641	30	60
NODE_306_length_334_cov_1.136187	1	334	4	334	100	1.79641	30	60
NODE_307_length_334_cov_0.587549	1	334	4	334	100	1.47006	30	45.2
NODE_308_length_333_cov_1.140625	1	333	4	333	100	1.8018	30	60
NODE_309_length_332_cov_1.576471	1	332	6	332	100	2.61747	30	59.7
NODE_310_length_330_cov_1.154150	1	330	4	330	100	1.81818	30	60
NODE_311_length_330_cov_1.047431	1	330	6	330	100	2.10606	30	59.3
NODE_312_length_330_cov_0.861660	1	330	37	330	100	10.6515	30	13.4
NODE_313_length_330_cov_0.687747	1	330	5	330	100	1.86364	30	42.8
NODE_314_length_329_cov_3.908730	1	329	14	329	100	6.27356	30	59.4
NODE_315_length_329_cov_2.003968	1	329	18	329	100	7.12766	30	56.8
NODE_316_length_328_cov_4.685259	1	328	18	328	100	8.0122	30	59.3
NODE_317_length_328_cov_1.828685	1	328	16	328	100	6.07927	30	45.9
NODE_318_length_327_cov_1.152000	1	327	5	327	100	2.0581	30	60
NODE_319_length_327_cov_0.876000	1	327	3	327	100	1.37615	30	60
NODE_320_length_324_cov_2.979757	1	324	26	324	100	8.20062	30	44.3
NODE_321_length_321_cov_1.337398	1	321	8	321	100	3.24922	30	59.1
NODE_322_length_320_cov_1.004065	1	320	8	320	100	2.83438	30	50.5
NODE_323_length_322_cov_0.795918	1	322	3	322	100	1.34161	30	60
NODE_324_length_321_cov_2.692623	1	321	38	321	100	12.676	30	27.7
NODE_325_length_321_cov_1.795082	1	321	8	321	100	3.67601	30	60
NODE_326_length_321_cov_1.463115	1	321	6	321	100	2.5514	30	58
NODE_327_length_320_cov_3.004115	1	320	10	320	100	4.6875	30	60
NODE_328_length_320_cov_1.172840	1	320	4	320	100	1.875	30	60
NODE_329_length_319_cov_1.400826	1	319	11	319	100	3.95925	30	43.3
NODE_330_length_319_cov_1.194215	1	319	4	319	100	1.88088	30	60
NODE_331_length_317_cov_2.279167	1	317	9	317	100	3.91167	30	59
NODE_332_length_317_cov_1.675000	1	317	14	317	100	6.28707	30	46.8
NODE_333_length_317_cov_1.216667	1	317	4	317	100	1.89274	30	60
NODE_334_length_317_cov_1.050000	1	317	9	317	100	4.06625	30	57.2
NODE_335_length_317_cov_0.633333	1	317	3	317	100	1.22713	30	60
NODE_336_length_316_cov_0.686192	1	316	3	316	100	1.25	30	60
NODE_337_length_315_cov_1.840336	1	315	6	315	100	2.85714	30	58
NODE_338_length_313_cov_1.588983	1	313	6	313	100	2.67412	30	60
NODE_339_length_313_cov_1.220339	1	313	4	313	100	1.90415	30	57.8
NODE_340_length_311_cov_1.871795	1	311	6	311	100	2.89389	30	60
NODE_341_length_311_cov_1.247863	1	311	4	311	100	1.92926	30	60
NODE_342_length_309_cov_4.193966	1	309	45	309	100	14.5858	30	40.9
NODE_343_length_308_cov_80.108225	1	308	303	308	100	132.175	30	53.4
NODE_344_length_308_cov_1.558442	1	308	6	308	100	2.92208	30	60
NODE_345_length_308_cov_0.748918	1	308	6	308	100	1.98701	30	56.8
NODE_346_length_307_cov_2.526087	1	307	14	307	100	6.15635	30	52.6
NODE_347_length_307_cov_0.821739	1	307	12	307	100	4.68078	30	23.8
NODE_348_length_307_cov_0.795652	1	307	4	307	100	1.59935	30	57.8
NODE_349_length_306_cov_1.323144	1	306	6	306	100	2.76797	30	58.2
NODE_350_length_306_cov_1.296943	1	306	10	306	100	3.33987	30	30.4
NODE_351_length_304_cov_1.286344	1	304	4	304	100	1.97368	30	60
NODE_352_length_303_cov_1.292035	1	303	4	303	100	1.9802	30	60
NODE_353_length_303_cov_0.827434	1	303	4	302	99.67	1.67327	30	42.5
NODE_354_length_303_cov_0.535398	1	303	4	303	100	1.967	30	58.2
NODE_355_length_302_cov_1.937778	1	302	6	302	100	2.98013	30	60
NODE_356_length_301_cov_1.955357	1	301	6	301	100	2.99003	30	60
NODE_357_length_301_cov_1.303571	1	301	4	301	100	1.99336	30	60
NODE_358_length_300_cov_1.636771	1	300	5	300	100	2.5	30	60
NODE_359_length_298_cov_2.536036	1	298	27	298	100	11.8456	30	22
NODE_360_length_299_cov_1.315315	1	299	4	299	100	2.00669	30	60
NODE_361_length_299_cov_0.954955	1	299	4	299	100	1.76254	30	59.5
NODE_362_length_298_cov_1.117647	1	298	6	298	100	2.45302	30	56.5
NODE_363_length_297_cov_0.809091	1	297	4	297	100	1.6835	30	60
NODE_364_length_296_cov_0.739726	1	296	3	296	100	1.47973	30	60
NODE_365_length_295_cov_1.899083	1	295	9	295	100	3.98644	30	50.7
NODE_366_length_295_cov_1.481651	1	295	6	295	100	3.05085	30	58
NODE_367_length_295_cov_0.582569	1	295	3	295	100	1.24746	30	60
NODE_368_length_294_cov_47.995392	1	294	117	294	100	49.8333	30	47.5
NODE_369_length_294_cov_0.668203	1	294	4	294	100	2.03401	30	57
NODE_370_length_293_cov_1.324074	1	293	4	293	100	2.0273	30	60
NODE_371_length_292_cov_1.925581	1	292	6	292	100	3.08219	30	60
NODE_372_length_292_cov_1.358140	1	292	4	292	100	2.05479	30	60
NODE_373_length_292_cov_1.339535	1	292	7	292	100	2.83219	30	60
NODE_374_length_292_cov_0.972093	1	292	4	292	100	1.80822	30	57
NODE_375_length_291_cov_7.878505	1	291	28	291	100	13.2027	30	57.4
NODE_376_length_290_cov_2.741784	1	290	8	290	100	4.13793	30	60
NODE_377_length_290_cov_2.056338	1	290	6	290	100	3.10345	30	60
NODE_378_length_290_cov_2.056338	1	290	6	290	100	3.10345	30	60
NODE_379_length_290_cov_2.056338	1	290	6	290	100	3.10345	30	60
NODE_380_length_290_cov_1.370892	1	290	4	290	100	2.06897	30	60
NODE_381_length_290_cov_1.370892	1	290	4	290	100	2.06897	30	60
NODE_382_length_290_cov_1.370892	1	290	4	290	100	2.06897	30	60
NODE_383_length_290_cov_1.370892	1	290	4	290	100	2.06897	30	60
NODE_384_length_290_cov_1.370892	1	290	4	290	100	2.06897	30	60
NODE_385_length_290_cov_1.211268	1	290	36	290	100	13.5414	30	24.1
NODE_386_length_289_cov_2.066038	1	289	6	289	100	3.11419	30	60
NODE_387_length_289_cov_1.556604	1	289	5	289	100	2.56055	30	60
NODE_388_length_289_cov_1.377358	1	289	4	289	100	2.07612	30	60
NODE_389_length_289_cov_1.377358	1	289	4	289	100	2.07612	30	60
NODE_390_length_289_cov_1.377358	1	289	4	289	100	2.07612	30	60
NODE_391_length_289_cov_1.377358	1	289	4	289	100	2.07612	30	60
NODE_392_length_289_cov_1.377358	1	289	4	289	100	2.07612	30	60
NODE_393_length_289_cov_1.377358	1	289	4	289	100	2.07612	30	60
NODE_394_length_289_cov_1.377358	1	289	4	289	100	2.07612	30	60
NODE_395_length_289_cov_1.377358	1	289	4	289	100	2.07612	30	60
NODE_396_length_289_cov_1.231132	1	289	4	289	100	2.07612	30	60
NODE_397_length_289_cov_1.033019	1	289	4	289	100	2.07612	30	60
NODE_398_length_289_cov_0.995283	1	289	6	289	100	2.33218	30	58.3
NODE_399_length_289_cov_0.830189	1	289	3	289	100	1.4083	30	60
NODE_400_length_289_cov_0.783019	1	289	9	289	100	3.85813	30	39.3
NODE_401_length_288_cov_2.767773	1	288	8	288	100	4.16667	30	60
NODE_402_length_288_cov_2.014218	1	288	6	288	100	3.125	30	60
NODE_403_length_288_cov_1.383886	1	288	4	288	100	2.08333	30	60
NODE_404_length_288_cov_1.383886	1	288	4	288	100	2.08333	30	60
NODE_405_length_288_cov_1.383886	1	288	4	288	100	2.08333	30	60
NODE_406_length_288_cov_1.383886	1	288	4	288	100	2.08333	30	60
NODE_407_length_288_cov_1.383886	1	288	4	288	100	2.08333	30	60
NODE_408_length_288_cov_1.341232	1	288	4	288	100	2.08333	30	60
NODE_409_length_288_cov_1.298578	1	288	4	288	100	2.02083	30	58
NODE_410_length_288_cov_0.800948	1	288	4	288	100	1.6875	30	57.5
NODE_411_length_288_cov_0.748815	1	288	4	288	100	2.08333	30	60
NODE_412_length_287_cov_2.085714	1	287	22	287	100	7.09756	30	24.2
NODE_413_length_287_cov_1.390476	1	287	4	287	100	2.09059	30	60
NODE_414_length_287_cov_1.390476	1	287	4	287	100	2.09059	30	60
NODE_415_length_287_cov_1.390476	1	287	4	287	100	2.09059	30	60
NODE_416_length_287_cov_1.390476	1	287	4	287	100	2.09059	30	60
NODE_417_length_287_cov_1.390476	1	287	4	287	100	2.09059	30	60
NODE_418_length_287_cov_1.357143	1	287	4	287	100	2.09059	30	60
NODE_419_length_287_cov_1.352381	1	287	4	287	100	2.09059	30	60
NODE_420_length_287_cov_1.295238	1	287	4	287	100	2.09059	30	60
NODE_421_length_287_cov_1.214286	1	287	4	287	100	2.09059	30	60
NODE_422_length_287_cov_0.980952	1	287	4	287	100	2.09059	30	60
NODE_423_length_287_cov_0.619048	1	287	3	287	100	1.25784	30	60
NODE_424_length_286_cov_2.095694	1	286	6	286	100	3.14685	30	60
NODE_425_length_286_cov_2.095694	1	286	6	286	100	3.14685	30	60
NODE_426_length_286_cov_1.397129	1	286	4	286	100	2.0979	30	60
NODE_427_length_286_cov_1.397129	1	286	4	286	100	2.0979	30	60
NODE_428_length_286_cov_1.397129	1	286	4	286	100	2.0979	30	60
NODE_429_length_286_cov_1.397129	1	286	4	286	100	2.0979	30	60
NODE_430_length_286_cov_1.397129	1	286	4	286	100	2.0979	30	60
NODE_431_length_286_cov_1.397129	1	286	4	286	100	2.0979	30	60
NODE_432_length_286_cov_1.397129	1	286	4	286	100	2.0979	30	60
NODE_433_length_286_cov_1.330144	1	286	4	286	100	2.0979	30	60
NODE_434_length_286_cov_1.301435	1	286	4	286	100	2.0979	30	60
NODE_435_length_286_cov_1.177033	1	286	4	286	100	2.0979	30	60
NODE_436_length_286_cov_1.095694	1	286	4	286	100	2.0979	30	60
NODE_437_length_286_cov_0.727273	1	286	4	286	100	2.0979	30	60
NODE_438_length_285_cov_2.105769	1	285	6	285	100	3.15789	30	60
NODE_439_length_285_cov_1.403846	1	285	7	285	100	3.34035	30	51.6
NODE_440_length_285_cov_1.403846	1	285	7	285	100	3.02807	30	37.1
NODE_441_length_285_cov_1.403846	1	285	4	285	100	2.10526	30	60
NODE_442_length_285_cov_1.403846	1	285	4	285	100	2.10526	30	60
NODE_443_length_285_cov_1.403846	1	285	4	285	100	2.10526	30	60
NODE_444_length_285_cov_1.403846	1	285	4	285	100	2.10526	30	60
NODE_445_length_285_cov_1.403846	1	285	4	285	100	2.10526	30	60
NODE_446_length_285_cov_1.403846	1	285	4	285	100	2.10526	30	60
NODE_447_length_285_cov_1.403846	1	285	4	285	100	2.10526	30	60
NODE_448_length_285_cov_1.403846	1	285	4	285	100	2.10526	30	60
NODE_449_length_285_cov_1.235577	1	285	4	285	100	2.10526	30	59.5
NODE_450_length_284_cov_2.115942	1	284	6	284	100	3.16901	30	60
NODE_451_length_284_cov_2.115942	1	284	6	284	100	3.16901	30	60
NODE_452_length_284_cov_1.410628	1	284	4	284	100	2.11268	30	60
NODE_453_length_284_cov_1.410628	1	284	4	284	100	2.11268	30	60
NODE_454_length_284_cov_1.410628	1	284	4	284	100	2.11268	30	60
NODE_455_length_284_cov_1.410628	1	284	4	284	100	2.11268	30	60
NODE_456_length_284_cov_1.410628	1	284	4	284	100	2.11268	30	60
NODE_457_length_284_cov_1.410628	1	284	4	284	100	2.11268	30	60
NODE_458_length_284_cov_1.347826	1	284	4	284	100	2.11268	30	60
NODE_459_length_284_cov_1.256039	1	284	4	284	100	2.11268	30	60
NODE_460_length_284_cov_1.251208	1	284	4	284	100	2.11268	30	60
NODE_461_length_284_cov_1.207729	1	284	41	284	100	16.6761	30	13.8
NODE_462_length_284_cov_1.130435	1	284	4	284	100	2.11268	30	60
NODE_463_length_284_cov_0.932367	1	284	3	284	100	1.58451	30	60
NODE_464_length_283_cov_2.126214	1	283	6	283	100	3.18021	30	60
NODE_465_length_283_cov_1.417476	1	283	4	283	100	2.12014	30	60
NODE_466_length_283_cov_1.417476	1	283	4	283	100	2.12014	30	60
NODE_467_length_283_cov_1.417476	1	283	4	283	100	2.12014	30	60
NODE_468_length_283_cov_1.417476	1	283	4	283	100	2.12014	30	60
NODE_469_length_283_cov_1.417476	1	283	4	283	100	2.12014	30	60
NODE_470_length_283_cov_1.417476	1	283	6	283	100	2.47703	30	43
NODE_471_length_283_cov_1.417476	1	283	7	283	100	3.63251	30	54.6
NODE_472_length_283_cov_1.417476	1	283	4	283	100	2.12014	30	60
NODE_473_length_283_cov_1.417476	1	283	4	283	100	2.12014	30	60
NODE_474_length_283_cov_1.417476	1	283	4	283	100	2.12014	30	60
NODE_475_length_283_cov_1.087379	1	283	4	283	100	2.12014	30	60
NODE_476_length_283_cov_0.961165	1	283	4	283	100	2.12014	30	60
NODE_477_length_282_cov_14.434146	1	282	43	282	100	22.234	30	58.9
NODE_478_length_282_cov_2.780488	1	282	15	282	100	5.79787	30	35.9
NODE_479_length_282_cov_1.424390	1	282	4	282	100	2.12766	30	60
NODE_480_length_282_cov_1.424390	1	282	4	282	100	2.12766	30	60
NODE_481_length_282_cov_1.424390	1	282	4	282	100	2.12766	30	60
NODE_482_length_282_cov_1.424390	1	282	4	282	100	2.12766	30	60
NODE_483_length_282_cov_1.424390	1	282	4	282	100	2.12766	30	60
NODE_484_length_282_cov_1.424390	1	282	4	282	100	2.12766	30	60
NODE_485_length_282_cov_1.424390	1	282	4	282	100	2.12766	30	60
NODE_486_length_282_cov_1.424390	1	282	4	282	100	2.12766	30	60
NODE_487_length_282_cov_1.424390	1	282	4	282	100	2.12766	30	60
NODE_488_length_282_cov_1.151220	1	282	4	282	100	2.12766	30	60
NODE_489_length_282_cov_0.678049	1	282	3	282	100	1.59574	30	50.3
NODE_490_length_281_cov_2.862745	1	281	8	281	100	4.27046	30	60
NODE_491_length_281_cov_2.147059	1	281	6	281	100	3.20285	30	60
NODE_492_length_281_cov_2.147059	1	281	6	281	100	3.20285	30	60
NODE_493_length_281_cov_2.147059	1	281	6	281	100	3.20285	30	60
NODE_494_length_281_cov_1.789216	1	281	11	281	100	4.27758	30	35.1
NODE_495_length_281_cov_1.431373	1	281	4	281	100	2.13523	30	60
NODE_496_length_281_cov_1.431373	1	281	4	281	100	2.13523	30	60
NODE_497_length_281_cov_1.431373	1	281	4	281	100	2.13523	30	60
NODE_498_length_281_cov_1.431373	1	281	4	281	100	2.13523	30	60
NODE_499_length_281_cov_1.431373	1	281	4	281	100	2.13523	30	60
NODE_500_length_281_cov_1.431373	1	281	4	281	100	2.13523	30	60
NODE_501_length_281_cov_1.009804	1	281	4	281	100	2.13523	30	60
NODE_502_length_281_cov_0.808824	1	281	4	281	100	1.88968	30	60
NODE_503_length_280_cov_2.157635	1	280	6	280	100	3.21429	30	60
NODE_504_length_280_cov_2.157635	1	280	6	280	100	3.21429	30	60
NODE_505_length_280_cov_1.438424	1	280	4	280	100	2.14286	30	60
NODE_506_length_280_cov_1.438424	1	280	4	280	100	2.14286	30	60
NODE_507_length_280_cov_1.438424	1	280	4	280	100	2.14286	30	60
NODE_508_length_280_cov_1.438424	1	280	4	280	100	2.14286	30	60
NODE_509_length_280_cov_1.438424	1	280	4	280	100	2.14286	30	57
NODE_510_length_280_cov_1.438424	1	280	4	280	100	2.14286	30	60
NODE_511_length_280_cov_1.438424	1	280	4	280	100	2.14286	30	60
NODE_512_length_280_cov_1.438424	1	280	4	280	100	2.14286	30	60
NODE_513_length_280_cov_1.438424	1	280	4	280	100	2.14286	30	60
NODE_514_length_280_cov_1.438424	1	280	4	280	100	2.14286	30	60
NODE_515_length_280_cov_1.182266	1	280	4	280	100	2.14286	30	60
NODE_516_length_280_cov_1.182266	1	280	4	280	100	2.14286	30	60
NODE_517_length_280_cov_1.172414	1	280	4	280	100	2.14286	30	60
NODE_518_length_280_cov_1.167488	1	280	4	280	100	2.14286	30	60
NODE_519_length_280_cov_1.133005	1	280	4	280	100	2.14286	30	60
NODE_520_length_280_cov_1.093596	1	280	4	280	100	2.14286	30	60
NODE_521_length_279_cov_2.168317	1	279	6	279	100	3.22581	30	60
NODE_522_length_279_cov_2.168317	1	279	6	279	100	3.22581	30	60
NODE_523_length_279_cov_1.445545	1	279	4	279	100	2.15054	30	60
NODE_524_length_279_cov_1.445545	1	279	4	279	100	2.15054	30	60
NODE_525_length_279_cov_1.445545	1	279	4	279	100	2.15054	30	60
NODE_526_length_279_cov_1.445545	1	279	4	279	100	2.15054	30	60
NODE_527_length_279_cov_1.168317	1	279	4	279	100	2.15054	30	60
NODE_528_length_279_cov_1.153465	1	279	4	279	100	2.15054	30	60
NODE_529_length_279_cov_1.084158	1	279	4	279	100	2.15054	30	60
NODE_530_length_279_cov_0.722772	1	279	2	279	100	1.07527	30	60
NODE_531_length_279_cov_0.722772	1	279	2	279	100	1.07527	30	60
NODE_532_length_279_cov_0.722772	1	279	2	279	100	1.07527	30	60
NODE_533_length_279_cov_0.722772	1	279	2	279	100	1.07527	30	60
NODE_534_length_279_cov_0.722772	1	279	2	279	100	1.07527	30	60
NODE_535_length_279_cov_0.722772	1	279	2	279	100	1.07527	30	60
NODE_536_length_279_cov_0.722772	1	279	2	279	100	1.07527	30	60
NODE_537_length_279_cov_0.722772	1	279	2	279	100	1.07527	30	60
NODE_538_length_279_cov_0.722772	1	279	2	279	100	1.07527	30	60
NODE_539_length_279_cov_0.722772	1	279	2	279	100	1.07527	30	60
NODE_540_length_279_cov_0.722772	1	279	2	279	100	1.07527	30	60
NODE_541_length_279_cov_0.722772	1	279	2	279	100	1.07527	30	60
NODE_542_length_279_cov_0.722772	1	279	2	279	100	1.07527	30	60
NODE_543_length_279_cov_0.722772	1	279	2	279	100	1.07527	30	60
NODE_544_length_279_cov_0.722772	1	279	2	279	100	1.07527	30	60
NODE_545_length_279_cov_0.722772	1	279	2	279	100	1.07527	30	60
NODE_546_length_279_cov_0.722772	1	279	2	279	100	1.07527	30	60
NODE_547_length_279_cov_0.722772	1	279	2	279	100	1.07527	30	60
NODE_548_length_279_cov_0.722772	1	279	2	279	100	1.07527	30	60
NODE_549_length_279_cov_0.722772	1	279	2	279	100	1.07527	30	60
NODE_550_length_279_cov_0.722772	1	279	2	279	100	1.07527	30	60
NODE_551_length_279_cov_0.722772	1	279	2	279	100	1.07527	30	60
NODE_552_length_279_cov_0.722772	1	279	2	279	100	1.07527	30	60
NODE_553_length_279_cov_0.722772	1	279	2	279	100	1.07527	30	60
NODE_554_length_279_cov_0.722772	1	279	2	279	100	1.07527	30	60
NODE_555_length_279_cov_0.722772	1	279	2	279	100	1.07527	30	60
NODE_556_length_279_cov_0.722772	1	279	2	279	100	1.07527	30	60
NODE_557_length_279_cov_0.722772	1	279	2	279	100	1.07527	30	60
NODE_558_length_279_cov_0.722772	1	279	2	279	100	1.07527	30	60
NODE_559_length_279_cov_0.722772	1	279	2	279	100	1.07527	30	60
NODE_560_length_279_cov_0.722772	1	279	2	279	100	1.07527	30	60
NODE_561_length_279_cov_0.722772	1	279	2	279	100	1.07527	30	60
NODE_562_length_279_cov_0.722772	1	279	2	279	100	1.07527	30	60
NODE_563_length_279_cov_0.722772	1	279	2	279	100	1.07527	30	60
NODE_564_length_279_cov_0.722772	1	279	2	279	100	1.07527	30	60
NODE_565_length_279_cov_0.722772	1	279	2	279	100	1.07527	30	60
NODE_566_length_279_cov_0.722772	1	279	2	279	100	1.07527	30	60
NODE_567_length_279_cov_0.722772	1	279	2	279	100	1.07527	30	60
NODE_568_length_279_cov_0.722772	1	279	2	279	100	1.07527	30	60
NODE_569_length_279_cov_0.722772	1	279	2	279	100	1.07527	30	60
NODE_570_length_279_cov_0.722772	1	279	2	279	100	1.07527	30	60
NODE_571_length_278_cov_2.179104	1	278	6	278	100	3.23741	30	60
NODE_572_length_278_cov_1.452736	1	278	4	278	100	2.15827	30	60
NODE_573_length_278_cov_1.452736	1	278	4	278	100	2.15827	30	60
NODE_574_length_278_cov_1.452736	1	278	4	278	100	2.15827	30	60
NODE_575_length_278_cov_1.452736	1	278	4	278	100	2.15827	30	60
NODE_576_length_278_cov_1.452736	1	278	4	278	100	2.15827	30	60
NODE_577_length_278_cov_1.452736	1	278	4	278	100	2.15827	30	60
NODE_578_length_278_cov_1.452736	1	278	4	278	100	2.15827	30	60
NODE_579_length_278_cov_1.452736	1	278	4	278	100	2.15827	30	60
NODE_580_length_278_cov_1.303483	1	278	4	278	100	2.15827	30	60
NODE_581_length_278_cov_1.169154	1	278	4	278	100	2.15827	30	60
NODE_582_length_278_cov_1.169154	1	278	4	278	100	2.15827	30	60
NODE_583_length_278_cov_1.004975	1	278	4	278	100	2.15827	30	60
NODE_584_length_278_cov_0.726368	1	278	2	278	100	1.07914	30	60
NODE_585_length_278_cov_0.726368	1	278	2	278	100	1.07914	30	60
NODE_586_length_278_cov_0.726368	1	278	2	278	100	1.07914	30	60
NODE_587_length_278_cov_0.726368	1	278	2	278	100	1.07914	30	60
NODE_588_length_278_cov_0.726368	1	278	2	278	100	1.07914	30	60
NODE_589_length_278_cov_0.726368	1	278	2	278	100	1.07914	30	60
NODE_590_length_278_cov_0.726368	1	278	2	278	100	1.07914	30	60
NODE_591_length_278_cov_0.726368	1	278	2	278	100	1.07914	30	60
NODE_592_length_278_cov_0.726368	1	278	2	278	100	1.07914	30	60
NODE_593_length_278_cov_0.726368	1	278	2	278	100	1.07914	30	60
NODE_594_length_278_cov_0.726368	1	278	2	278	100	1.07914	30	60
NODE_595_length_278_cov_0.726368	1	278	2	278	100	1.07914	30	60
NODE_596_length_278_cov_0.726368	1	278	2	278	100	1.07914	30	60
NODE_597_length_278_cov_0.726368	1	278	2	278	100	1.07914	30	60
NODE_598_length_278_cov_0.726368	1	278	2	278	100	1.07914	30	60
NODE_599_length_278_cov_0.726368	1	278	2	278	100	1.07914	30	60
NODE_600_length_278_cov_0.726368	1	278	2	278	100	1.07914	30	60
NODE_601_length_278_cov_0.726368	1	278	2	278	100	1.07914	30	60
NODE_602_length_278_cov_0.726368	1	278	2	278	100	1.07914	30	60
NODE_603_length_278_cov_0.726368	1	278	2	278	100	1.07914	30	60
NODE_604_length_278_cov_0.726368	1	278	2	278	100	1.07914	30	60
NODE_605_length_278_cov_0.726368	1	278	2	278	100	1.07914	30	60
NODE_606_length_278_cov_0.726368	1	278	2	278	100	1.07914	30	60
NODE_607_length_278_cov_0.726368	1	278	2	278	100	1.07914	30	60
NODE_608_length_278_cov_0.726368	1	278	2	278	100	1.07914	30	60
NODE_609_length_278_cov_0.726368	1	278	2	278	100	1.07914	30	60
NODE_610_length_278_cov_0.726368	1	278	2	278	100	1.07914	30	60
NODE_611_length_278_cov_0.726368	1	278	2	278	100	1.07914	30	60
NODE_612_length_278_cov_0.726368	1	278	2	278	100	1.07914	30	60
NODE_613_length_278_cov_0.726368	1	278	2	278	100	1.07914	30	60
NODE_614_length_278_cov_0.726368	1	278	2	278	100	1.07914	30	60
NODE_615_length_278_cov_0.726368	1	278	2	278	100	1.07914	30	60
NODE_616_length_277_cov_34.675000	1	277	103	277	100	52.9928	30	55.1
NODE_617_length_277_cov_3.650000	1	277	10	277	100	5.41516	30	60
NODE_618_length_277_cov_2.190000	1	277	6	277	100	3.2491	30	60
NODE_619_length_277_cov_2.190000	1	277	6	277	100	3.2491	30	60
NODE_620_length_277_cov_1.460000	1	277	4	277	100	2.16606	30	60
NODE_621_length_277_cov_1.460000	1	277	4	277	100	2.16606	30	60
NODE_622_length_277_cov_1.460000	1	277	4	277	100	2.16606	30	60
NODE_623_length_277_cov_1.460000	1	277	4	277	100	2.16606	30	60
NODE_624_length_277_cov_1.445000	1	277	4	277	100	2.16606	30	60
NODE_625_length_277_cov_1.440000	1	277	4	277	100	2.16606	30	60
NODE_626_length_277_cov_1.220000	1	277	4	277	100	2.16606	30	60
NODE_627_length_277_cov_1.115000	1	277	4	277	100	2.16606	30	60
NODE_628_length_277_cov_0.730000	1	277	2	277	100	1.08303	30	60
NODE_629_length_277_cov_0.730000	1	277	2	277	100	1.08303	30	60
NODE_630_length_277_cov_0.730000	1	277	2	277	100	1.08303	30	60
NODE_631_length_277_cov_0.730000	1	277	2	277	100	1.08303	30	60
NODE_632_length_277_cov_0.730000	1	277	2	277	100	1.08303	30	60
NODE_633_length_277_cov_0.730000	1	277	2	277	100	1.08303	30	60
NODE_634_length_277_cov_0.730000	1	277	2	277	100	1.08303	30	60
NODE_635_length_277_cov_0.730000	1	277	2	277	100	1.08303	30	60
NODE_636_length_277_cov_0.730000	1	277	2	277	100	1.08303	30	60
NODE_637_length_277_cov_0.730000	1	277	2	277	100	1.08303	30	60
NODE_638_length_277_cov_0.730000	1	277	2	277	100	1.08303	30	60
NODE_639_length_277_cov_0.730000	1	277	2	277	100	1.08303	30	60
NODE_640_length_277_cov_0.730000	1	277	2	277	100	1.08303	30	60
NODE_641_length_277_cov_0.730000	1	277	2	277	100	1.08303	30	60
NODE_642_length_277_cov_0.730000	1	277	2	277	100	1.08303	30	60
NODE_643_length_277_cov_0.730000	1	277	2	277	100	1.08303	30	60
NODE_644_length_277_cov_0.730000	1	277	2	277	100	1.08303	30	60
NODE_645_length_277_cov_0.730000	1	277	2	277	100	1.08303	30	60
NODE_646_length_277_cov_0.730000	1	277	2	277	100	1.08303	30	60
NODE_647_length_277_cov_0.730000	1	277	2	277	100	1.08303	30	60
NODE_648_length_277_cov_0.730000	1	277	2	277	100	1.08303	30	60
NODE_649_length_277_cov_0.730000	1	277	2	277	100	1.08303	30	60
NODE_650_length_277_cov_0.730000	1	277	2	277	100	1.08303	30	60
NODE_651_length_277_cov_0.730000	1	277	2	277	100	1.08303	30	60
NODE_652_length_277_cov_0.730000	1	277	2	277	100	1.08303	30	60
NODE_653_length_277_cov_0.730000	1	277	2	277	100	1.08303	30	60
NODE_654_length_277_cov_0.730000	1	277	2	277	100	1.08303	30	60
NODE_655_length_277_cov_0.730000	1	277	2	277	100	1.08303	30	60
NODE_656_length_277_cov_0.730000	1	277	2	277	100	1.08303	30	60
NODE_657_length_277_cov_0.730000	1	277	2	277	100	1.08303	30	60
NODE_658_length_277_cov_0.730000	1	277	2	277	100	1.08303	30	60
NODE_659_length_277_cov_0.730000	1	277	2	277	100	1.08303	30	60
NODE_660_length_277_cov_0.730000	1	277	2	277	100	1.08303	30	60
NODE_661_length_277_cov_0.730000	1	277	2	277	100	1.08303	30	60
NODE_662_length_277_cov_0.730000	1	277	2	277	100	1.08303	30	60
NODE_663_length_277_cov_0.730000	1	277	2	277	100	1.08303	30	60
NODE_664_length_277_cov_0.730000	1	277	2	277	100	1.08303	30	60
NODE_665_length_277_cov_0.720000	1	277	2	277	100	1.08303	30	60
NODE_666_length_276_cov_2.125628	1	276	8	276	100	3.76812	30	57.9
NODE_667_length_276_cov_1.467337	1	276	4	276	100	2.17391	30	60
NODE_668_length_276_cov_1.467337	1	276	4	276	100	2.17391	30	60
NODE_669_length_276_cov_1.467337	1	276	4	276	100	2.17391	30	60
NODE_670_length_276_cov_1.467337	1	276	4	276	100	2.17391	30	60
NODE_671_length_276_cov_1.467337	1	276	4	276	100	2.17391	30	60
NODE_672_length_276_cov_1.467337	1	276	4	276	100	2.17391	30	60
NODE_673_length_276_cov_1.467337	1	276	4	276	100	2.17391	30	60
NODE_674_length_276_cov_1.467337	1	276	4	276	100	2.17391	30	60
NODE_675_length_276_cov_1.467337	1	276	4	276	100	2.17391	30	60
NODE_676_length_276_cov_1.412060	1	276	4	276	100	2.17391	30	60
NODE_677_length_276_cov_1.206030	1	276	4	276	100	2.17391	30	60
NODE_678_length_276_cov_1.170854	1	276	4	276	100	1.96014	30	60
NODE_679_length_276_cov_1.100503	1	276	3	276	100	1.63043	30	60
NODE_680_length_276_cov_0.733668	1	276	2	276	100	1.08696	30	60
NODE_681_length_276_cov_0.733668	1	276	2	276	100	1.08696	30	60
NODE_682_length_276_cov_0.733668	1	276	2	276	100	1.08696	30	60
NODE_683_length_276_cov_0.733668	1	276	2	276	100	1.08696	30	60
NODE_684_length_276_cov_0.733668	1	276	2	276	100	1.08696	30	60
NODE_685_length_276_cov_0.733668	1	276	2	276	100	1.08696	30	60
NODE_686_length_276_cov_0.733668	1	276	2	276	100	1.08696	30	60
NODE_687_length_276_cov_0.733668	1	276	2	276	100	1.08696	30	60
NODE_688_length_276_cov_0.733668	1	276	2	276	100	1.08696	30	60
NODE_689_length_276_cov_0.733668	1	276	2	276	100	1.08696	30	60
NODE_690_length_276_cov_0.733668	1	276	2	276	100	1.08696	30	60
NODE_691_length_276_cov_0.733668	1	276	2	276	100	1.08696	30	60
NODE_692_length_276_cov_0.733668	1	276	2	276	100	1.08696	30	60
NODE_693_length_276_cov_0.733668	1	276	2	276	100	1.08696	30	60
NODE_694_length_276_cov_0.733668	1	276	2	276	100	1.08696	30	60
NODE_695_length_276_cov_0.733668	1	276	2	276	100	1.08696	30	60
NODE_696_length_276_cov_0.733668	1	276	2	276	100	1.08696	30	60
NODE_697_length_276_cov_0.733668	1	276	2	276	100	1.08696	30	60
NODE_698_length_276_cov_0.733668	1	276	2	276	100	1.08696	30	60
NODE_699_length_276_cov_0.733668	1	276	2	276	100	1.08696	30	60
NODE_700_length_276_cov_0.733668	1	276	2	276	100	1.08696	30	60
NODE_701_length_276_cov_0.733668	1	276	2	276	100	1.08696	30	60
NODE_702_length_276_cov_0.733668	1	276	2	276	100	1.08696	30	60
NODE_703_length_276_cov_0.733668	1	276	2	276	100	1.08696	30	60
NODE_704_length_276_cov_0.733668	1	276	2	276	100	1.08696	30	60
NODE_705_length_276_cov_0.733668	1	276	2	276	100	1.08696	30	60
NODE_706_length_276_cov_0.733668	1	276	2	276	100	1.08696	30	60
NODE_707_length_276_cov_0.733668	1	276	2	276	100	1.08696	30	60
NODE_708_length_276_cov_0.733668	1	276	2	276	100	1.08696	30	60
NODE_709_length_276_cov_0.733668	1	276	2	276	100	1.08696	30	60
NODE_710_length_275_cov_2.212121	1	275	6	275	100	3.27273	30	60
NODE_711_length_275_cov_2.212121	1	275	11	275	100	4.12727	30	35.8
NODE_712_length_273_cov_1.777778	1	273	6	273	100	3.28938	30	60
NODE_713_length_275_cov_1.474747	1	275	4	275	100	2.18182	30	60
NODE_714_length_275_cov_1.474747	1	275	4	275	100	2.18182	30	60
NODE_715_length_275_cov_1.474747	1	275	4	275	100	2.18182	30	60
NODE_716_length_275_cov_1.474747	1	275	4	275	100	2.18182	30	60
NODE_717_length_275_cov_1.474747	1	275	4	275	100	2.18182	30	60
NODE_718_length_275_cov_1.474747	1	275	4	275	100	2.18182	30	60
NODE_719_length_275_cov_1.257576	1	275	4	275	100	2.18182	30	60
NODE_720_length_275_cov_1.106061	1	275	6	275	100	3.26182	30	30.5
NODE_721_length_275_cov_0.737374	1	275	2	275	100	1.09091	30	60
NODE_722_length_275_cov_0.737374	1	275	2	275	100	1.09091	30	60
NODE_723_length_275_cov_0.737374	1	275	2	275	100	1.09091	30	60
NODE_724_length_275_cov_0.737374	1	275	2	275	100	1.09091	30	60
NODE_725_length_275_cov_0.737374	1	275	2	275	100	1.09091	30	60
NODE_726_length_275_cov_0.737374	1	275	2	275	100	1.09091	30	60
NODE_727_length_275_cov_0.737374	1	275	2	275	100	1.09091	30	60
NODE_728_length_275_cov_0.737374	1	275	2	275	100	1.09091	30	60
NODE_729_length_275_cov_0.737374	1	275	2	275	100	1.09091	30	60
NODE_730_length_275_cov_0.737374	1	275	2	275	100	1.09091	30	60
NODE_731_length_275_cov_0.737374	1	275	2	275	100	1.09091	30	60
NODE_732_length_275_cov_0.737374	1	275	2	275	100	1.09091	30	60
NODE_733_length_275_cov_0.737374	1	275	2	275	100	1.09091	30	60
NODE_734_length_275_cov_0.737374	1	275	2	275	100	1.09091	30	60
NODE_735_length_275_cov_0.737374	1	275	2	275	100	1.09091	30	60
NODE_736_length_275_cov_0.737374	1	275	2	275	100	1.09091	30	60
NODE_737_length_275_cov_0.737374	1	275	2	275	100	1.09091	30	60
NODE_738_length_275_cov_0.737374	1	275	2	275	100	1.09091	30	60
NODE_739_length_275_cov_0.737374	1	275	2	275	100	1.09091	30	60
NODE_740_length_275_cov_0.737374	1	275	2	275	100	1.09091	30	60
NODE_741_length_275_cov_0.737374	1	275	2	275	100	1.09091	30	60
NODE_742_length_275_cov_0.737374	1	275	2	275	100	1.09091	30	60
NODE_743_length_275_cov_0.737374	1	275	2	275	100	1.09091	30	60
NODE_744_length_275_cov_0.737374	1	275	2	275	100	1.09091	30	60
NODE_745_length_275_cov_0.737374	1	275	2	275	100	1.09091	30	60
NODE_746_length_275_cov_0.737374	1	275	2	275	100	1.09091	30	60
NODE_747_length_275_cov_0.737374	1	275	2	275	100	1.09091	30	60
NODE_748_length_275_cov_0.737374	1	275	2	275	100	1.09091	30	60
NODE_749_length_275_cov_0.737374	1	275	2	275	100	1.09091	30	60
NODE_750_length_275_cov_0.737374	1	275	2	275	100	1.09091	30	60
NODE_751_length_275_cov_0.737374	1	275	2	275	100	1.09091	30	60
NODE_752_length_275_cov_0.737374	1	275	2	275	100	1.09091	30	60
NODE_753_length_275_cov_0.737374	1	275	2	275	100	1.09091	30	60
NODE_754_length_275_cov_0.737374	1	275	2	275	100	1.09091	30	60
NODE_755_length_275_cov_0.580808	1	275	4	275	100	1.42545	30	58.8
NODE_756_length_274_cov_2.081218	1	274	6	274	100	3.28467	30	60
NODE_757_length_274_cov_1.482234	1	274	4	274	100	2.18978	30	60
NODE_758_length_274_cov_1.482234	1	274	4	274	100	2.18978	30	60
NODE_759_length_274_cov_1.482234	1	274	4	274	100	2.18978	30	60
NODE_760_length_274_cov_1.299492	1	274	8	274	100	2.91241	30	58.2
NODE_761_length_274_cov_1.121827	1	274	4	274	100	2.18978	30	60
NODE_762_length_274_cov_0.989848	1	274	6	274	100	2.63139	30	56.5
NODE_763_length_274_cov_0.741117	1	274	2	274	100	1.09489	30	60
NODE_764_length_274_cov_0.741117	1	274	2	274	100	1.09489	30	60
NODE_765_length_274_cov_0.741117	1	274	2	274	100	1.09489	30	60
NODE_766_length_274_cov_0.741117	1	274	2	274	100	1.09489	30	60
NODE_767_length_274_cov_0.741117	1	274	2	274	100	1.09489	30	60
NODE_768_length_274_cov_0.741117	1	274	2	274	100	1.09489	30	60
NODE_769_length_274_cov_0.741117	1	274	2	274	100	1.09489	30	60
NODE_770_length_274_cov_0.741117	1	274	2	274	100	1.09489	30	60
NODE_771_length_274_cov_0.741117	1	274	2	274	100	1.09489	30	60
NODE_772_length_274_cov_0.741117	1	274	2	274	100	1.09489	30	60
NODE_773_length_274_cov_0.741117	1	274	2	274	100	1.09489	30	60
NODE_774_length_274_cov_0.741117	1	274	2	274	100	1.09489	30	60
NODE_775_length_274_cov_0.741117	1	274	2	274	100	1.09489	30	60
NODE_776_length_274_cov_0.741117	1	274	2	274	100	1.09489	30	60
NODE_777_length_274_cov_0.741117	1	274	2	274	100	1.09489	30	60
NODE_778_length_274_cov_0.741117	1	274	2	274	100	1.09489	30	60
NODE_779_length_274_cov_0.741117	1	274	2	274	100	1.09489	30	60
NODE_780_length_274_cov_0.741117	1	274	2	274	100	1.09489	30	60
NODE_781_length_274_cov_0.741117	1	274	2	274	100	1.09489	30	60
NODE_782_length_274_cov_0.741117	1	274	2	274	100	1.09489	30	60
NODE_783_length_274_cov_0.741117	1	274	2	274	100	1.09489	30	60
NODE_784_length_274_cov_0.741117	1	274	2	274	100	1.09489	30	60
NODE_785_length_274_cov_0.741117	1	274	2	274	100	1.09489	30	60
NODE_786_length_274_cov_0.741117	1	274	2	274	100	1.09489	30	60
NODE_787_length_274_cov_0.741117	1	274	2	274	100	1.09489	30	60
NODE_788_length_274_cov_0.741117	1	274	2	274	100	1.09489	30	60
NODE_789_length_274_cov_0.741117	1	274	2	274	100	1.09489	30	60
NODE_790_length_274_cov_0.741117	1	274	2	274	100	1.09489	30	60
NODE_791_length_274_cov_0.741117	1	274	2	274	100	1.09489	30	60
NODE_792_length_274_cov_0.741117	1	274	2	274	100	1.09489	30	60
NODE_793_length_274_cov_0.741117	1	274	2	274	100	1.09489	30	60
NODE_794_length_274_cov_0.741117	1	274	2	274	100	1.09489	30	60
NODE_795_length_274_cov_0.741117	1	274	2	274	100	1.09489	30	60
NODE_796_length_274_cov_0.741117	1	274	2	274	100	1.09489	30	60
NODE_797_length_274_cov_0.741117	1	274	2	274	100	1.09489	30	60
NODE_798_length_274_cov_0.741117	1	274	2	274	100	1.09489	30	60
NODE_799_length_274_cov_0.741117	1	274	2	274	100	1.09489	30	60
NODE_800_length_274_cov_0.741117	1	274	2	274	100	1.09489	30	60
NODE_801_length_274_cov_0.741117	1	274	2	274	100	1.09489	30	60
NODE_802_length_274_cov_0.741117	1	274	2	274	100	1.09489	30	60
NODE_803_length_274_cov_0.741117	1	274	2	274	100	1.09489	30	60
NODE_804_length_274_cov_0.741117	1	274	2	274	100	1.09489	30	60
NODE_805_length_274_cov_0.741117	1	274	2	274	100	1.09489	30	60
NODE_806_length_274_cov_0.741117	1	274	2	274	100	1.09489	30	60
NODE_807_length_274_cov_0.741117	1	274	2	274	100	1.09489	30	60
NODE_808_length_273_cov_2.234694	1	273	19	273	100	6.87546	30	22.4
NODE_809_length_273_cov_2.234694	1	273	6	273	100	3.2967	30	60
NODE_810_length_273_cov_1.489796	1	273	4	273	100	2.1978	30	60
NODE_811_length_273_cov_1.489796	1	273	4	273	100	2.1978	30	60
NODE_812_length_273_cov_1.489796	1	273	4	273	100	2.1978	30	60
NODE_813_length_273_cov_1.489796	1	273	4	273	100	2.1978	30	60
NODE_814_length_273_cov_1.489796	1	273	4	273	100	2.1978	30	60
NODE_815_length_273_cov_1.489796	1	273	4	273	100	2.1978	30	60
NODE_816_length_273_cov_1.489796	1	273	4	273	100	2.1978	30	60
NODE_817_length_273_cov_1.489796	1	273	4	273	100	2.1978	30	60
NODE_818_length_273_cov_1.489796	1	273	4	273	100	2.1978	30	60
NODE_819_length_273_cov_1.352041	1	273	4	273	100	2.1978	30	60
NODE_820_length_273_cov_1.301020	1	273	4	273	100	2.1978	30	60
NODE_821_length_273_cov_1.229592	1	273	4	273	100	2.1978	30	60
NODE_822_length_273_cov_1.142857	1	273	4	273	100	2.1978	30	60
NODE_823_length_273_cov_0.913265	1	273	5	273	100	2.06593	30	60
NODE_824_length_273_cov_0.744898	1	273	2	273	100	1.0989	30	60
NODE_825_length_273_cov_0.744898	1	273	2	273	100	1.0989	30	60
NODE_826_length_273_cov_0.744898	1	273	2	273	100	1.0989	30	60
NODE_827_length_273_cov_0.744898	1	273	2	273	100	1.0989	30	60
NODE_828_length_273_cov_0.744898	1	273	2	273	100	1.0989	30	60
NODE_829_length_273_cov_0.744898	1	273	2	273	100	1.0989	30	60
NODE_830_length_273_cov_0.744898	1	273	2	273	100	1.0989	30	60
NODE_831_length_273_cov_0.744898	1	273	2	273	100	1.0989	30	60
NODE_832_length_273_cov_0.744898	1	273	2	273	100	1.0989	30	60
NODE_833_length_273_cov_0.744898	1	273	2	273	100	1.0989	30	60
NODE_834_length_273_cov_0.744898	1	273	2	273	100	1.0989	30	60
NODE_835_length_273_cov_0.744898	1	273	2	273	100	1.0989	30	60
NODE_836_length_273_cov_0.744898	1	273	2	273	100	1.0989	30	60
NODE_837_length_273_cov_0.744898	1	273	2	273	100	1.0989	30	60
NODE_838_length_273_cov_0.744898	1	273	2	273	100	1.0989	30	60
NODE_839_length_273_cov_0.744898	1	273	2	273	100	1.0989	30	60
NODE_840_length_273_cov_0.744898	1	273	2	273	100	1.0989	30	60
NODE_841_length_273_cov_0.744898	1	273	2	273	100	1.0989	30	60
NODE_842_length_273_cov_0.744898	1	273	2	273	100	1.0989	30	60
NODE_843_length_273_cov_0.744898	1	273	2	273	100	1.0989	30	60
NODE_844_length_273_cov_0.744898	1	273	2	273	100	1.0989	30	60
NODE_845_length_273_cov_0.744898	1	273	2	273	100	1.0989	30	60
NODE_846_length_273_cov_0.744898	1	273	2	273	100	1.0989	30	60
NODE_847_length_273_cov_0.744898	1	273	2	273	100	1.0989	30	60
NODE_848_length_273_cov_0.744898	1	273	2	273	100	1.0989	30	60
NODE_849_length_273_cov_0.744898	1	273	2	273	100	1.0989	30	60
NODE_850_length_273_cov_0.744898	1	273	2	273	100	1.0989	30	60
NODE_851_length_273_cov_0.744898	1	273	2	273	100	1.0989	30	60
NODE_852_length_273_cov_0.744898	1	273	2	273	100	1.0989	30	60
NODE_853_length_273_cov_0.744898	1	273	2	273	100	1.0989	30	60
NODE_854_length_273_cov_0.744898	1	273	2	273	100	1.0989	30	60
NODE_855_length_273_cov_0.744898	1	273	2	273	100	1.0989	30	60
NODE_856_length_273_cov_0.744898	1	273	2	273	100	1.0989	30	60
NODE_857_length_273_cov_0.744898	1	273	2	273	100	1.0989	30	60
NODE_858_length_273_cov_0.744898	1	273	2	273	100	1.0989	30	60
NODE_859_length_273_cov_0.744898	1	273	2	273	100	1.0989	30	60
NODE_860_length_273_cov_0.744898	1	273	2	273	100	1.0989	30	60
NODE_861_length_273_cov_0.744898	1	273	2	273	100	1.0989	30	60
NODE_862_length_273_cov_0.744898	1	273	2	273	100	1.0989	30	60
NODE_863_length_273_cov_0.719388	1	273	2	273	100	1.0989	30	60
NODE_864_length_273_cov_0.719388	1	273	2	273	100	1.0989	30	60
NODE_865_length_273_cov_0.653061	1	273	4	273	100	1.98901	30	57.5
NODE_866_length_272_cov_2.138462	1	272	42	272	100	15.8824	30	19
NODE_867_length_272_cov_1.497436	1	272	4	272	100	2.20588	30	60
NODE_868_length_272_cov_1.497436	1	272	4	272	100	2.20588	30	60
NODE_869_length_272_cov_1.497436	1	272	18	272	100	5.67279	30	22.1
NODE_870_length_272_cov_1.497436	1	272	4	272	100	2.20588	30	60
NODE_871_length_272_cov_1.497436	1	272	4	272	100	2.20588	30	60
NODE_872_length_272_cov_1.497436	1	272	4	272	100	2.20588	30	60
NODE_873_length_272_cov_1.497436	1	272	4	272	100	2.20588	30	60
NODE_874_length_272_cov_1.497436	1	272	4	272	100	2.20588	30	60
NODE_875_length_272_cov_1.369231	1	272	5	272	100	2.48529	30	58.2
NODE_876_length_272_cov_1.348718	1	272	4	260	95.5882	2.19118	30	60
NODE_877_length_272_cov_1.169231	1	272	4	272	100	2.20588	30	60
NODE_878_length_272_cov_0.876923	1	272	4	272	100	1.83456	30	60
NODE_879_length_272_cov_0.774359	1	272	6	272	100	2.1875	30	56.3
NODE_880_length_272_cov_0.748718	1	272	2	272	100	1.10294	30	60
NODE_881_length_272_cov_0.748718	1	272	2	272	100	1.10294	30	60
NODE_882_length_272_cov_0.748718	1	272	2	272	100	1.10294	30	60
NODE_883_length_272_cov_0.748718	1	272	2	272	100	1.10294	30	60
NODE_884_length_272_cov_0.748718	1	272	2	272	100	1.10294	30	60
NODE_885_length_272_cov_0.748718	1	272	2	272	100	1.10294	30	60
NODE_886_length_272_cov_0.748718	1	272	2	272	100	1.10294	30	60
NODE_887_length_272_cov_0.748718	1	272	2	272	100	1.10294	30	60
NODE_888_length_272_cov_0.748718	1	272	2	272	100	1.10294	30	60
NODE_889_length_272_cov_0.748718	1	272	2	272	100	1.10294	30	60
NODE_890_length_272_cov_0.748718	1	272	2	272	100	1.10294	30	60
NODE_891_length_272_cov_0.748718	1	272	2	272	100	1.10294	30	60
NODE_892_length_272_cov_0.748718	1	272	2	272	100	1.10294	30	60
NODE_893_length_272_cov_0.748718	1	272	2	272	100	1.10294	30	60
NODE_894_length_272_cov_0.748718	1	272	2	272	100	1.10294	30	60
NODE_895_length_272_cov_0.748718	1	272	2	272	100	1.10294	30	60
NODE_896_length_272_cov_0.748718	1	272	2	272	100	1.10294	30	60
NODE_897_length_272_cov_0.748718	1	272	2	272	100	1.10294	30	60
NODE_898_length_272_cov_0.748718	1	272	2	272	100	1.10294	30	60
NODE_899_length_272_cov_0.748718	1	272	2	272	100	1.10294	30	60
NODE_900_length_272_cov_0.748718	1	272	2	272	100	1.10294	30	60
NODE_901_length_272_cov_0.748718	1	272	2	272	100	1.10294	30	60
NODE_902_length_272_cov_0.748718	1	272	2	272	100	1.10294	30	60
NODE_903_length_272_cov_0.748718	1	272	2	272	100	1.10294	30	60
NODE_904_length_272_cov_0.748718	1	272	2	272	100	1.10294	30	60
NODE_905_length_272_cov_0.748718	1	272	2	272	100	1.10294	30	60
NODE_906_length_272_cov_0.748718	1	272	2	272	100	1.10294	30	60
NODE_907_length_272_cov_0.748718	1	272	2	272	100	1.10294	30	60
NODE_908_length_272_cov_0.748718	1	272	2	272	100	1.10294	30	60
NODE_909_length_272_cov_0.748718	1	272	2	272	100	1.10294	30	60
NODE_910_length_272_cov_0.748718	1	272	2	272	100	1.10294	30	60
NODE_911_length_272_cov_0.748718	1	272	2	272	100	1.10294	30	60
NODE_912_length_272_cov_0.748718	1	272	2	272	100	1.10294	30	60
NODE_913_length_272_cov_0.748718	1	272	2	272	100	1.10294	30	60
NODE_914_length_272_cov_0.748718	1	272	2	272	100	1.10294	30	60
NODE_915_length_272_cov_0.748718	1	272	2	272	100	1.10294	30	60
NODE_916_length_272_cov_0.748718	1	272	2	272	100	1.10294	30	60
NODE_917_length_272_cov_0.748718	1	272	2	272	100	1.10294	30	60
NODE_918_length_272_cov_0.728205	1	272	2	272	100	1.10294	30	60
NODE_919_length_272_cov_0.717949	1	272	2	272	100	1.10294	30	60
NODE_920_length_272_cov_0.717949	1	272	2	272	100	1.10294	30	60
NODE_921_length_272_cov_0.702564	1	272	2	261	95.9559	1.06985	30	60
NODE_922_length_271_cov_3.010309	1	271	8	271	100	4.42804	30	60
NODE_923_length_271_cov_2.257732	1	271	6	271	100	3.32103	30	60
NODE_924_length_271_cov_2.257732	1	271	6	271	100	3.32103	30	60
NODE_925_length_271_cov_2.257732	1	271	6	271	100	3.32103	30	60
NODE_926_length_271_cov_2.041237	1	271	7	271	100	3.52768	30	56.9
NODE_927_length_271_cov_1.505155	1	271	4	271	100	2.21402	30	60
NODE_928_length_271_cov_1.505155	1	271	4	271	100	2.21402	30	60
NODE_929_length_271_cov_1.505155	1	271	4	271	100	2.21402	30	60
NODE_930_length_271_cov_1.505155	1	271	8	271	100	2.89299	30	44.5
NODE_931_length_271_cov_1.505155	1	271	4	271	100	2.21402	30	60
NODE_932_length_271_cov_1.505155	1	271	4	271	100	2.21402	30	60
NODE_933_length_271_cov_1.505155	1	271	4	271	100	2.21402	30	60
NODE_934_length_271_cov_1.505155	1	271	4	271	100	2.21402	30	60
NODE_935_length_271_cov_1.505155	1	271	4	271	100	2.21402	30	60
NODE_936_length_271_cov_1.340206	1	271	4	271	100	2.21402	30	60
NODE_937_length_271_cov_1.309278	1	271	4	271	100	2.21402	30	60
NODE_938_length_271_cov_1.206186	1	271	5	271	100	2.23985	30	58
NODE_939_length_270_cov_0.876289	1	270	8	270	100	2.68519	30	36.2
NODE_940_length_271_cov_0.752577	1	271	2	271	100	1.10701	30	60
NODE_941_length_271_cov_0.752577	1	271	2	271	100	1.10701	30	60
NODE_942_length_271_cov_0.752577	1	271	2	271	100	1.10701	30	60
NODE_943_length_271_cov_0.752577	1	271	2	271	100	1.10701	30	60
NODE_944_length_271_cov_0.752577	1	271	2	271	100	1.10701	30	60
NODE_945_length_271_cov_0.752577	1	271	2	271	100	1.10701	30	60
NODE_946_length_271_cov_0.752577	1	271	2	271	100	1.10701	30	60
NODE_947_length_271_cov_0.752577	1	271	2	271	100	1.10701	30	60
NODE_948_length_271_cov_0.752577	1	271	2	271	100	1.10701	30	60
NODE_949_length_271_cov_0.752577	1	271	2	271	100	1.10701	30	60
NODE_950_length_271_cov_0.752577	1	271	2	271	100	1.10701	30	60
NODE_951_length_271_cov_0.752577	1	271	2	271	100	1.10701	30	60
NODE_952_length_271_cov_0.752577	1	271	2	271	100	1.10701	30	60
NODE_953_length_271_cov_0.752577	1	271	2	271	100	1.10701	30	60
NODE_954_length_271_cov_0.752577	1	271	2	271	100	1.10701	30	60
NODE_955_length_271_cov_0.752577	1	271	2	271	100	1.10701	30	60
NODE_956_length_271_cov_0.752577	1	271	2	271	100	1.10701	30	60
NODE_957_length_271_cov_0.752577	1	271	2	271	100	1.10701	30	60
NODE_958_length_271_cov_0.752577	1	271	2	271	100	1.10701	30	60
NODE_959_length_271_cov_0.752577	1	271	2	271	100	1.10701	30	60
NODE_960_length_271_cov_0.752577	1	271	2	271	100	1.10701	30	60
NODE_961_length_271_cov_0.752577	1	271	2	271	100	1.10701	30	60
NODE_962_length_271_cov_0.752577	1	271	2	271	100	1.10701	30	60
NODE_963_length_271_cov_0.752577	1	271	2	271	100	1.10701	30	60
NODE_964_length_271_cov_0.752577	1	271	2	271	100	1.10701	30	60
NODE_965_length_271_cov_0.752577	1	271	2	271	100	1.10701	30	60
NODE_966_length_271_cov_0.752577	1	271	2	271	100	1.10701	30	60
NODE_967_length_271_cov_0.752577	1	271	2	271	100	1.10701	30	60
NODE_968_length_271_cov_0.752577	1	271	2	271	100	1.10701	30	60
NODE_969_length_271_cov_0.752577	1	271	2	271	100	1.10701	30	60
NODE_970_length_271_cov_0.752577	1	271	2	271	100	1.10701	30	60
NODE_971_length_271_cov_0.752577	1	271	2	271	100	1.10701	30	60
NODE_972_length_271_cov_0.752577	1	271	2	271	100	1.10701	30	60
NODE_973_length_271_cov_0.752577	1	271	2	271	100	1.10701	30	60
NODE_974_length_271_cov_0.752577	1	271	2	271	100	1.10701	30	60
NODE_975_length_271_cov_0.752577	1	271	2	271	100	1.10701	30	60
NODE_976_length_271_cov_0.752577	1	271	2	271	100	1.10701	30	60
NODE_977_length_271_cov_0.752577	1	271	2	271	100	1.10701	30	60
NODE_978_length_271_cov_0.752577	1	271	2	271	100	1.10701	30	60
NODE_979_length_271_cov_0.752577	1	271	2	271	100	1.10701	30	60
NODE_980_length_271_cov_0.721649	1	271	2	271	100	1.10701	30	60
NODE_981_length_271_cov_0.685567	1	271	3	271	100	1.27675	30	53
NODE_982_length_270_cov_2.269430	1	270	6	270	100	3.33333	30	60
NODE_983_length_270_cov_2.269430	1	270	6	270	100	3.33333	30	60
NODE_984_length_270_cov_1.512953	1	270	4	270	100	2.22222	30	60
NODE_985_length_270_cov_1.512953	1	270	4	270	100	2.22222	30	60
NODE_986_length_270_cov_1.512953	1	270	4	270	100	2.22222	30	60
NODE_987_length_270_cov_1.512953	1	270	4	270	100	2.22222	30	60
NODE_988_length_270_cov_1.512953	1	270	4	270	100	2.22222	30	60
NODE_989_length_270_cov_1.512953	1	270	4	270	100	2.22222	30	60
NODE_990_length_270_cov_1.512953	1	270	4	270	100	2.22222	30	60
NODE_991_length_270_cov_1.512953	1	270	4	270	100	2.22222	30	60
NODE_992_length_270_cov_1.512953	1	270	4	270	100	2.22222	30	60
NODE_993_length_270_cov_1.502591	1	270	4	270	100	2.22222	30	60
NODE_994_length_270_cov_1.492228	1	270	4	270	100	2.22222	30	60
NODE_995_length_270_cov_1.481865	1	270	4	270	100	2.22222	30	60
NODE_996_length_270_cov_1.000000	1	270	6	270	100	2.56296	30	59.3
NODE_997_length_270_cov_0.953368	1	270	5	270	100	2.37407	30	48.4
NODE_998_length_270_cov_0.756477	1	270	2	270	100	1.11111	30	60
NODE_999_length_270_cov_0.756477	1	270	2	270	100	1.11111	30	60
NODE_1000_length_270_cov_0.756477	1	270	2	270	100	1.11111	30	60
NODE_1001_length_270_cov_0.756477	1	270	2	270	100	1.11111	30	60
NODE_1002_length_270_cov_0.756477	1	270	2	270	100	1.11111	30	60
NODE_1003_length_270_cov_0.756477	1	270	2	270	100	1.11111	30	60
NODE_1004_length_270_cov_0.756477	1	270	2	270	100	1.11111	30	60
NODE_1005_length_270_cov_0.756477	1	270	2	270	100	1.11111	30	60
NODE_1006_length_270_cov_0.756477	1	270	2	270	100	1.11111	30	60
NODE_1007_length_270_cov_0.756477	1	270	2	270	100	1.11111	30	60
NODE_1008_length_270_cov_0.756477	1	270	2	270	100	1.11111	30	60
NODE_1009_length_270_cov_0.756477	1	270	2	270	100	1.11111	30	60
NODE_1010_length_270_cov_0.756477	1	270	2	270	100	1.11111	30	60
NODE_1011_length_270_cov_0.756477	1	270	2	270	100	1.11111	30	60
NODE_1012_length_270_cov_0.756477	1	270	2	270	100	1.11111	30	60
NODE_1013_length_270_cov_0.756477	1	270	2	270	100	1.11111	30	60
NODE_1014_length_270_cov_0.756477	1	270	2	270	100	1.11111	30	60
NODE_1015_length_270_cov_0.756477	1	270	2	270	100	1.11111	30	60
NODE_1016_length_270_cov_0.756477	1	270	2	270	100	1.11111	30	60
NODE_1017_length_270_cov_0.756477	1	270	2	270	100	1.11111	30	60
NODE_1018_length_270_cov_0.756477	1	270	2	270	100	1.11111	30	60
NODE_1019_length_270_cov_0.756477	1	270	2	270	100	1.11111	30	60
NODE_1020_length_270_cov_0.756477	1	270	2	270	100	1.11111	30	60
NODE_1021_length_270_cov_0.756477	1	270	2	270	100	1.11111	30	60
NODE_1022_length_270_cov_0.756477	1	270	2	270	100	1.11111	30	60
NODE_1023_length_270_cov_0.756477	1	270	2	270	100	1.11111	30	60
NODE_1024_length_270_cov_0.756477	1	270	2	270	100	1.11111	30	60
NODE_1025_length_270_cov_0.756477	1	270	2	270	100	1.11111	30	60
NODE_1026_length_270_cov_0.756477	1	270	2	270	100	1.11111	30	60
NODE_1027_length_270_cov_0.756477	1	270	2	270	100	1.11111	30	60
NODE_1028_length_270_cov_0.756477	1	270	2	270	100	1.11111	30	60
NODE_1029_length_270_cov_0.756477	1	270	2	270	100	1.11111	30	60
NODE_1030_length_270_cov_0.756477	1	270	2	270	100	1.11111	30	60
NODE_1031_length_270_cov_0.715026	1	270	2	270	100	1.11111	30	60
NODE_1032_length_269_cov_2.281250	1	269	6	269	100	3.34572	30	60
NODE_1033_length_269_cov_2.177083	1	269	6	269	100	3.34572	30	60
NODE_1034_length_269_cov_1.520833	1	269	4	269	100	2.23048	30	60
NODE_1035_length_269_cov_1.520833	1	269	4	269	100	2.23048	30	60
NODE_1036_length_269_cov_1.520833	1	269	4	269	100	2.23048	30	60
NODE_1037_length_269_cov_1.520833	1	269	4	269	100	2.23048	30	60
NODE_1038_length_269_cov_1.520833	1	269	4	269	100	2.23048	30	60
NODE_1039_length_269_cov_1.520833	1	269	4	269	100	2.23048	30	60
NODE_1040_length_269_cov_1.520833	1	269	4	269	100	2.23048	30	60
NODE_1041_length_269_cov_1.260417	1	269	4	269	100	2.04461	30	57
NODE_1042_length_269_cov_1.140625	1	269	4	269	100	2.23048	30	60
NODE_1043_length_269_cov_1.114583	1	269	4	269	100	2.14498	30	54.8
NODE_1044_length_269_cov_1.078125	1	269	6	269	100	2.49071	30	59
NODE_1045_length_269_cov_1.010417	1	269	27	269	100	9.24164	30	12.4
NODE_1046_length_269_cov_0.760417	1	269	2	269	100	1.11524	30	60
NODE_1047_length_269_cov_0.760417	1	269	2	269	100	1.11524	30	60
NODE_1048_length_269_cov_0.760417	1	269	2	269	100	1.11524	30	60
NODE_1049_length_269_cov_0.760417	1	269	2	269	100	1.11524	30	60
NODE_1050_length_269_cov_0.760417	1	269	2	269	100	1.11524	30	60
NODE_1051_length_269_cov_0.760417	1	269	2	269	100	1.11524	30	60
NODE_1052_length_269_cov_0.760417	1	269	2	269	100	1.11524	30	60
NODE_1053_length_269_cov_0.760417	1	269	2	269	100	1.11524	30	60
NODE_1054_length_269_cov_0.760417	1	269	2	269	100	1.11524	30	60
NODE_1055_length_269_cov_0.760417	1	269	2	269	100	1.11524	30	60
NODE_1056_length_269_cov_0.760417	1	269	2	269	100	1.11524	30	60
NODE_1057_length_269_cov_0.760417	1	269	2	269	100	1.11524	30	60
NODE_1058_length_269_cov_0.760417	1	269	2	269	100	1.11524	30	60
NODE_1059_length_269_cov_0.760417	1	269	2	269	100	1.11524	30	60
NODE_1060_length_269_cov_0.760417	1	269	2	269	100	1.11524	30	60
NODE_1061_length_269_cov_0.760417	1	269	2	269	100	1.11524	30	60
NODE_1062_length_269_cov_0.760417	1	269	2	269	100	1.11524	30	60
NODE_1063_length_269_cov_0.760417	1	269	2	269	100	1.11524	30	60
NODE_1064_length_269_cov_0.760417	1	269	2	269	100	1.11524	30	60
NODE_1065_length_269_cov_0.760417	1	269	2	269	100	1.11524	30	60
NODE_1066_length_269_cov_0.760417	1	269	2	269	100	1.11524	30	60
NODE_1067_length_269_cov_0.760417	1	269	2	269	100	1.11524	30	60
NODE_1068_length_269_cov_0.760417	1	269	2	269	100	1.11524	30	60
NODE_1069_length_269_cov_0.760417	1	269	2	269	100	1.11524	30	60
NODE_1070_length_269_cov_0.760417	1	269	2	269	100	1.11524	30	60
NODE_1071_length_269_cov_0.760417	1	269	2	269	100	1.11524	30	60
NODE_1072_length_269_cov_0.760417	1	269	2	269	100	1.11524	30	60
NODE_1073_length_269_cov_0.760417	1	269	2	269	100	1.11524	30	60
NODE_1074_length_269_cov_0.760417	1	269	2	269	100	1.11524	30	60
NODE_1075_length_269_cov_0.739583	1	269	2	269	100	1.11524	30	60
NODE_1076_length_269_cov_0.729167	1	269	2	269	100	1.11524	30	60
NODE_1077_length_269_cov_0.723958	1	269	2	269	100	1.11524	30	60
NODE_1078_length_268_cov_2.774869	1	268	8	268	100	4.47761	30	60
NODE_1079_length_268_cov_2.293194	1	268	6	268	100	3.35821	30	60
NODE_1080_length_268_cov_1.528796	1	268	4	268	100	2.23881	30	57.5
NODE_1081_length_268_cov_1.528796	1	268	4	268	100	2.23881	30	60
NODE_1082_length_268_cov_1.528796	1	268	4	268	100	2.23881	30	60
NODE_1083_length_268_cov_1.528796	1	268	4	268	100	2.23881	30	60
NODE_1084_length_268_cov_1.528796	1	268	4	268	100	2.23881	30	60
NODE_1085_length_268_cov_1.528796	1	268	4	268	100	2.23881	30	60
NODE_1086_length_268_cov_1.528796	1	268	4	268	100	2.23881	30	60
NODE_1087_length_268_cov_1.434555	1	268	4	268	100	2.23881	30	60
NODE_1088_length_268_cov_1.282723	1	268	4	268	100	2.23881	30	60
NODE_1089_length_268_cov_0.937173	1	268	3	268	100	1.6791	30	60
NODE_1090_length_268_cov_0.895288	1	268	4	268	100	2.19776	30	60
NODE_1091_length_268_cov_0.863874	1	268	4	268	100	2.23881	30	60
NODE_1092_length_268_cov_0.764398	1	268	2	268	100	1.1194	30	60
NODE_1093_length_268_cov_0.764398	1	268	2	268	100	1.1194	30	60
NODE_1094_length_268_cov_0.764398	1	268	2	268	100	1.1194	30	60
NODE_1095_length_268_cov_0.764398	1	268	2	268	100	1.1194	30	60
NODE_1096_length_268_cov_0.764398	1	268	2	268	100	1.1194	30	60
NODE_1097_length_268_cov_0.764398	1	268	2	268	100	1.1194	30	60
NODE_1098_length_268_cov_0.764398	1	268	2	268	100	1.1194	30	60
NODE_1099_length_268_cov_0.764398	1	268	2	268	100	1.1194	30	60
NODE_1100_length_268_cov_0.764398	1	268	2	268	100	1.1194	30	60
NODE_1101_length_268_cov_0.764398	1	268	2	268	100	1.1194	30	60
NODE_1102_length_268_cov_0.764398	1	268	2	268	100	1.1194	30	60
NODE_1103_length_268_cov_0.764398	1	268	2	268	100	1.1194	30	60
NODE_1104_length_268_cov_0.764398	1	268	2	268	100	1.1194	30	60
NODE_1105_length_268_cov_0.764398	1	268	2	268	100	1.1194	30	60
NODE_1106_length_268_cov_0.764398	1	268	2	268	100	1.1194	30	60
NODE_1107_length_268_cov_0.764398	1	268	2	268	100	1.1194	30	60
NODE_1108_length_268_cov_0.764398	1	268	2	268	100	1.1194	30	60
NODE_1109_length_268_cov_0.764398	1	268	2	268	100	1.1194	30	60
NODE_1110_length_268_cov_0.764398	1	268	2	268	100	1.1194	30	60
NODE_1111_length_268_cov_0.764398	1	268	2	268	100	1.1194	30	60
NODE_1112_length_268_cov_0.764398	1	268	2	268	100	1.1194	30	60
NODE_1113_length_268_cov_0.764398	1	268	2	268	100	1.1194	30	60
NODE_1114_length_268_cov_0.764398	1	268	2	268	100	1.1194	30	60
NODE_1115_length_268_cov_0.764398	1	268	2	268	100	1.1194	30	60
NODE_1116_length_268_cov_0.764398	1	268	2	268	100	1.1194	30	60
NODE_1117_length_268_cov_0.764398	1	268	2	268	100	1.1194	30	60
NODE_1118_length_268_cov_0.764398	1	268	2	268	100	1.1194	30	60
NODE_1119_length_268_cov_0.764398	1	268	2	268	100	1.1194	30	60
NODE_1120_length_268_cov_0.764398	1	268	2	268	100	1.1194	30	60
NODE_1121_length_268_cov_0.712042	1	268	2	268	100	1.11567	30	60
NODE_1122_length_268_cov_0.706806	1	268	2	268	100	1.1194	30	60
NODE_1123_length_267_cov_2.305263	1	267	6	267	100	3.37079	30	60
NODE_1124_length_267_cov_1.826316	1	267	14	267	100	7.31086	30	38.1
NODE_1125_length_267_cov_1.536842	1	267	4	267	100	2.24719	30	60
NODE_1126_length_267_cov_1.536842	1	267	4	267	100	2.24719	30	60
NODE_1127_length_267_cov_1.536842	1	267	4	267	100	2.24719	30	60
NODE_1128_length_267_cov_1.536842	1	267	4	267	100	2.24719	30	60
NODE_1129_length_267_cov_1.536842	1	267	4	267	100	2.24719	30	60
NODE_1130_length_267_cov_0.915789	1	267	4	267	100	2.24719	30	60
NODE_1131_length_267_cov_0.805263	1	267	3	267	100	1.56554	30	60
NODE_1132_length_267_cov_0.768421	1	267	2	267	100	1.1236	30	60
NODE_1133_length_267_cov_0.768421	1	267	2	267	100	1.1236	30	60
NODE_1134_length_267_cov_0.768421	1	267	2	267	100	1.1236	30	60
NODE_1135_length_267_cov_0.768421	1	267	2	267	100	1.1236	30	60
NODE_1136_length_267_cov_0.768421	1	267	2	267	100	1.1236	30	60
NODE_1137_length_267_cov_0.768421	1	267	2	267	100	1.1236	30	60
NODE_1138_length_267_cov_0.768421	1	267	2	267	100	1.1236	30	60
NODE_1139_length_267_cov_0.768421	1	267	2	267	100	1.1236	30	60
NODE_1140_length_267_cov_0.768421	1	267	2	267	100	1.1236	30	60
NODE_1141_length_267_cov_0.768421	1	267	2	267	100	1.1236	30	60
NODE_1142_length_267_cov_0.768421	1	267	2	267	100	1.1236	30	60
NODE_1143_length_267_cov_0.768421	1	267	2	267	100	1.1236	30	60
NODE_1144_length_267_cov_0.768421	1	267	2	267	100	1.1236	30	60
NODE_1145_length_267_cov_0.768421	1	267	2	267	100	1.1236	30	60
NODE_1146_length_267_cov_0.768421	1	267	2	267	100	1.1236	30	60
NODE_1147_length_267_cov_0.768421	1	267	2	267	100	1.1236	30	60
NODE_1148_length_267_cov_0.768421	1	267	2	267	100	1.1236	30	60
NODE_1149_length_267_cov_0.768421	1	267	2	267	100	1.1236	30	60
NODE_1150_length_267_cov_0.768421	1	267	2	267	100	1.1236	30	60
NODE_1151_length_267_cov_0.768421	1	267	2	267	100	1.1236	30	60
NODE_1152_length_267_cov_0.768421	1	267	2	267	100	1.1236	30	60
NODE_1153_length_267_cov_0.768421	1	267	2	267	100	1.1236	30	60
NODE_1154_length_267_cov_0.768421	1	267	2	267	100	1.1236	30	60
NODE_1155_length_267_cov_0.768421	1	267	2	267	100	1.1236	30	60
NODE_1156_length_267_cov_0.768421	1	267	2	267	100	1.1236	30	60
NODE_1157_length_267_cov_0.768421	1	267	2	267	100	1.1236	30	60
NODE_1158_length_267_cov_0.768421	1	267	2	267	100	1.1236	30	60
NODE_1159_length_267_cov_0.768421	1	267	2	267	100	1.1236	30	60
NODE_1160_length_267_cov_0.768421	1	267	2	267	100	1.1236	30	60
NODE_1161_length_267_cov_0.768421	1	267	2	267	100	1.1236	30	60
NODE_1162_length_267_cov_0.768421	1	267	2	267	100	1.1236	30	60
NODE_1163_length_267_cov_0.763158	1	267	2	267	100	1.1236	30	60
NODE_1164_length_267_cov_0.763158	1	267	4	267	100	2.24719	30	60
NODE_1165_length_267_cov_0.715789	1	267	8	267	100	2.13483	30	28.1
NODE_1166_length_266_cov_2.317460	1	266	6	266	100	3.38346	30	60
NODE_1167_length_266_cov_2.317460	1	266	6	266	100	3.38346	30	60
NODE_1168_length_266_cov_1.931217	1	266	5	266	100	2.81955	30	60
NODE_1169_length_266_cov_1.544974	1	266	4	266	100	2.25564	30	60
NODE_1170_length_266_cov_1.544974	1	266	4	266	100	2.25564	30	60
NODE_1171_length_266_cov_1.544974	1	266	4	266	100	2.25564	30	60
NODE_1172_length_266_cov_1.544974	1	266	4	266	100	2.25564	30	60
NODE_1173_length_266_cov_1.529101	1	266	4	266	100	2.25564	30	60
NODE_1174_length_266_cov_1.481481	1	266	4	266	100	2.25564	30	60
NODE_1175_length_266_cov_1.460317	1	266	4	266	100	2.25564	30	60
NODE_1176_length_266_cov_1.328042	1	266	4	266	100	2.25564	30	60
NODE_1177_length_266_cov_1.148148	1	266	4	266	100	2.25564	30	60
NODE_1178_length_266_cov_0.772487	1	266	2	266	100	1.12782	30	60
NODE_1179_length_266_cov_0.772487	1	266	2	266	100	1.12782	30	60
NODE_1180_length_266_cov_0.772487	1	266	2	266	100	1.12782	30	60
NODE_1181_length_266_cov_0.772487	1	266	2	266	100	1.12782	30	60
NODE_1182_length_266_cov_0.772487	1	266	2	266	100	1.12782	30	60
NODE_1183_length_266_cov_0.772487	1	266	2	266	100	1.12782	30	60
NODE_1184_length_266_cov_0.772487	1	266	2	266	100	1.12782	30	60
NODE_1185_length_266_cov_0.772487	1	266	2	266	100	1.12782	30	60
NODE_1186_length_266_cov_0.772487	1	266	2	266	100	1.12782	30	60
NODE_1187_length_266_cov_0.772487	1	266	2	266	100	1.12782	30	60
NODE_1188_length_266_cov_0.772487	1	266	2	266	100	1.12782	30	60
NODE_1189_length_266_cov_0.772487	1	266	2	266	100	1.12782	30	60
NODE_1190_length_266_cov_0.772487	1	266	2	266	100	1.12782	30	60
NODE_1191_length_266_cov_0.772487	1	266	2	266	100	1.12782	30	60
NODE_1192_length_266_cov_0.772487	1	266	2	266	100	1.12782	30	60
NODE_1193_length_266_cov_0.772487	1	266	2	266	100	1.12782	30	60
NODE_1194_length_266_cov_0.772487	1	266	2	266	100	1.12782	30	60
NODE_1195_length_266_cov_0.772487	1	266	2	266	100	1.12782	30	60
NODE_1196_length_266_cov_0.772487	1	266	2	266	100	1.12782	30	60
NODE_1197_length_266_cov_0.772487	1	266	2	266	100	1.12782	30	60
NODE_1198_length_266_cov_0.772487	1	266	2	266	100	1.12782	30	60
NODE_1199_length_266_cov_0.772487	1	266	2	266	100	1.12782	30	60
NODE_1200_length_266_cov_0.772487	1	266	2	266	100	1.12782	30	60
NODE_1201_length_266_cov_0.772487	1	266	2	266	100	1.12782	30	60
NODE_1202_length_266_cov_0.772487	1	266	2	266	100	1.12782	30	60
NODE_1203_length_266_cov_0.772487	1	266	2	266	100	1.12782	30	60
NODE_1204_length_266_cov_0.772487	1	266	2	266	100	1.12782	30	60
NODE_1205_length_266_cov_0.772487	1	266	2	266	100	1.12782	30	60
NODE_1206_length_266_cov_0.772487	1	266	2	266	100	1.12782	30	60
NODE_1207_length_266_cov_0.772487	1	266	2	266	100	1.12782	30	60
NODE_1208_length_266_cov_0.772487	1	266	2	266	100	1.12782	30	60
NODE_1209_length_266_cov_0.772487	1	266	2	266	100	1.12782	30	60
NODE_1210_length_266_cov_0.772487	1	266	2	266	100	1.12782	30	60
NODE_1211_length_266_cov_0.772487	1	266	2	266	100	1.12782	30	60
NODE_1212_length_266_cov_0.740741	1	266	2	266	100	1.12782	30	60
NODE_1213_length_266_cov_0.719577	1	266	2	266	100	1.12782	30	60
NODE_1214_length_265_cov_3.106383	1	265	8	265	100	4.5283	30	60
NODE_1215_length_265_cov_2.329787	1	265	6	265	100	3.39623	30	60
NODE_1216_length_265_cov_2.329787	1	265	6	265	100	3.39623	30	60
NODE_1217_length_265_cov_2.329787	1	265	6	265	100	3.39623	30	60
NODE_1218_length_265_cov_2.117021	1	265	12	265	100	6.32453	30	48.3
NODE_1219_length_265_cov_1.888298	1	265	6	265	100	3.39623	30	59.8
NODE_1220_length_265_cov_1.553191	1	265	4	265	100	2.26415	30	60
NODE_1221_length_265_cov_1.553191	1	265	6	265	100	2.55472	30	42.3
NODE_1222_length_265_cov_1.553191	1	265	4	265	100	2.26415	30	60
NODE_1223_length_265_cov_1.553191	1	265	4	265	100	2.26415	30	60
NODE_1224_length_265_cov_1.553191	1	265	4	265	100	2.26415	30	60
NODE_1225_length_265_cov_1.553191	1	265	4	265	100	2.26415	30	60
NODE_1226_length_265_cov_1.553191	1	265	4	265	100	2.26415	30	60
NODE_1227_length_265_cov_1.542553	1	265	4	265	100	2.26415	30	60
NODE_1228_length_265_cov_1.531915	1	265	4	265	100	2.26415	30	60
NODE_1229_length_265_cov_1.500000	1	265	4	265	100	2.26415	30	60
NODE_1230_length_265_cov_1.196809	1	265	4	265	100	2.26415	30	60
NODE_1231_length_265_cov_0.776596	1	265	2	265	100	1.13208	30	60
NODE_1232_length_265_cov_0.776596	1	265	2	265	100	1.13208	30	60
NODE_1233_length_265_cov_0.776596	1	265	2	265	100	1.13208	30	60
NODE_1234_length_265_cov_0.776596	1	265	2	265	100	1.13208	30	60
NODE_1235_length_265_cov_0.776596	1	265	2	265	100	1.13208	30	60
NODE_1236_length_265_cov_0.776596	1	265	2	265	100	1.13208	30	60
NODE_1237_length_265_cov_0.776596	1	265	2	265	100	1.13208	30	60
NODE_1238_length_265_cov_0.776596	1	265	2	265	100	1.13208	30	60
NODE_1239_length_265_cov_0.776596	1	265	2	265	100	1.13208	30	60
NODE_1240_length_265_cov_0.776596	1	265	2	265	100	1.13208	30	60
NODE_1241_length_265_cov_0.776596	1	265	7	265	100	1.67925	30	20.1
NODE_1242_length_265_cov_0.776596	1	265	2	265	100	1.13208	30	60
NODE_1243_length_265_cov_0.776596	1	265	2	265	100	1.13208	30	60
NODE_1244_length_265_cov_0.776596	1	265	2	265	100	1.13208	30	60
NODE_1245_length_265_cov_0.776596	1	265	2	265	100	1.13208	30	60
NODE_1246_length_265_cov_0.776596	1	265	2	265	100	1.13208	30	60
NODE_1247_length_265_cov_0.776596	1	265	2	265	100	1.13208	30	60
NODE_1248_length_265_cov_0.776596	1	265	2	265	100	1.13208	30	60
NODE_1249_length_265_cov_0.776596	1	265	2	265	100	1.13208	30	60
NODE_1250_length_265_cov_0.776596	1	265	2	265	100	1.13208	30	60
NODE_1251_length_265_cov_0.776596	1	265	2	265	100	1.13208	30	60
NODE_1252_length_265_cov_0.776596	1	265	2	265	100	1.13208	30	60
NODE_1253_length_265_cov_0.776596	1	265	2	265	100	1.13208	30	60
NODE_1254_length_265_cov_0.776596	1	265	2	265	100	1.13208	30	60
NODE_1255_length_265_cov_0.776596	1	265	2	265	100	1.13208	30	60
NODE_1256_length_265_cov_0.776596	1	265	2	265	100	1.13208	30	60
NODE_1257_length_265_cov_0.776596	1	265	2	265	100	1.13208	30	60
NODE_1258_length_265_cov_0.776596	1	265	2	265	100	1.13208	30	60
NODE_1259_length_265_cov_0.776596	1	265	2	265	100	1.13208	30	60
NODE_1260_length_265_cov_0.776596	1	265	2	265	100	1.13208	30	60
NODE_1261_length_265_cov_0.776596	1	265	2	265	100	1.13208	30	60
NODE_1262_length_265_cov_0.776596	1	265	2	265	100	1.13208	30	60
NODE_1263_length_265_cov_0.776596	1	265	2	265	100	1.13208	30	60
NODE_1264_length_265_cov_0.776596	1	265	2	265	100	1.13208	30	60
NODE_1265_length_265_cov_0.776596	1	265	2	265	100	1.13208	30	60
NODE_1266_length_265_cov_0.776596	1	265	2	265	100	1.13208	30	60
NODE_1267_length_265_cov_0.776596	1	265	2	265	100	1.13208	30	60
NODE_1268_length_265_cov_0.776596	1	265	2	265	100	1.13208	30	60
NODE_1269_length_265_cov_0.776596	1	265	2	265	100	1.13208	30	60
NODE_1270_length_265_cov_0.776596	1	265	2	265	100	1.13208	30	60
NODE_1271_length_265_cov_0.776596	1	265	2	265	100	1.13208	30	60
NODE_1272_length_265_cov_0.776596	1	265	2	265	100	1.13208	30	60
NODE_1273_length_265_cov_0.776596	1	265	2	265	100	1.13208	30	60
NODE_1274_length_265_cov_0.776596	1	265	2	265	100	1.13208	30	60
NODE_1275_length_265_cov_0.776596	1	265	2	265	100	1.13208	30	60
NODE_1276_length_265_cov_0.776596	1	265	2	265	100	1.13208	30	60
NODE_1277_length_265_cov_0.776596	1	265	2	265	100	1.13208	30	60
NODE_1278_length_265_cov_0.760638	1	265	2	265	100	1.12075	30	60
NODE_1279_length_265_cov_0.744681	1	265	2	265	100	1.13208	30	60
NODE_1280_length_265_cov_0.707447	1	265	2	265	100	1.13208	30	60
NODE_1281_length_265_cov_0.702128	1	265	2	265	100	1.13208	30	60
NODE_1282_length_264_cov_2.101604	1	264	6	264	100	3.40909	30	60
NODE_1283_length_264_cov_2.058824	1	264	6	264	100	3.4053	30	60
NODE_1284_length_264_cov_1.561497	1	264	4	264	100	2.27273	30	60
NODE_1285_length_264_cov_1.561497	1	264	4	264	100	2.27273	30	60
NODE_1286_length_264_cov_1.561497	1	264	4	264	100	2.27273	30	60
NODE_1287_length_264_cov_1.561497	1	264	4	264	100	2.27273	30	60
NODE_1288_length_264_cov_1.561497	1	264	4	264	100	2.27273	30	60
NODE_1289_length_264_cov_1.561497	1	264	4	264	100	2.27273	30	60
NODE_1290_length_264_cov_1.561497	1	264	4	264	100	2.27273	30	60
NODE_1291_length_264_cov_1.513369	1	264	4	264	100	2.27273	30	60
NODE_1292_length_264_cov_1.390374	1	264	4	264	100	2.23864	30	60
NODE_1293_length_264_cov_1.262032	1	264	4	264	100	2.27273	30	60
NODE_1294_length_264_cov_1.262032	1	264	4	264	100	2.27273	30	60
NODE_1295_length_264_cov_1.171123	1	264	3	264	100	1.70455	30	60
NODE_1296_length_264_cov_1.165775	1	264	4	264	100	2.27273	30	60
NODE_1297_length_264_cov_0.780749	1	264	2	264	100	1.13636	30	60
NODE_1298_length_264_cov_0.780749	1	264	2	264	100	1.13636	30	60
NODE_1299_length_264_cov_0.780749	1	264	2	264	100	1.13636	30	60
NODE_1300_length_264_cov_0.780749	1	264	2	264	100	1.13636	30	60
NODE_1301_length_264_cov_0.780749	1	264	2	264	100	1.13636	30	60
NODE_1302_length_264_cov_0.780749	1	264	2	264	100	1.13636	30	60
NODE_1303_length_264_cov_0.780749	1	264	2	264	100	1.13636	30	60
NODE_1304_length_264_cov_0.780749	1	264	2	264	100	1.13636	30	60
NODE_1305_length_264_cov_0.780749	1	264	2	264	100	1.13636	30	60
NODE_1306_length_264_cov_0.780749	1	264	2	264	100	1.13636	30	60
NODE_1307_length_264_cov_0.780749	1	264	2	264	100	1.13636	30	60
NODE_1308_length_264_cov_0.780749	1	264	2	264	100	1.13636	30	60
NODE_1309_length_264_cov_0.780749	1	264	2	264	100	1.13636	30	60
NODE_1310_length_264_cov_0.780749	1	264	2	264	100	1.13636	30	60
NODE_1311_length_264_cov_0.780749	1	264	2	264	100	1.13636	30	60
NODE_1312_length_264_cov_0.780749	1	264	2	264	100	1.13636	30	60
NODE_1313_length_264_cov_0.780749	1	264	2	264	100	1.13636	30	60
NODE_1314_length_264_cov_0.780749	1	264	2	264	100	1.13636	30	60
NODE_1315_length_264_cov_0.780749	1	264	2	264	100	1.13636	30	60
NODE_1316_length_264_cov_0.780749	1	264	2	264	100	1.13636	30	60
NODE_1317_length_264_cov_0.780749	1	264	2	264	100	1.13636	30	60
NODE_1318_length_264_cov_0.780749	1	264	2	264	100	1.13636	30	60
NODE_1319_length_264_cov_0.780749	1	264	2	264	100	1.13636	30	60
NODE_1320_length_264_cov_0.780749	1	264	2	264	100	1.13636	30	60
NODE_1321_length_264_cov_0.780749	1	264	2	264	100	1.13636	30	60
NODE_1322_length_264_cov_0.780749	1	264	2	264	100	1.13636	30	60
NODE_1323_length_264_cov_0.780749	1	264	2	264	100	1.13636	30	60
NODE_1324_length_264_cov_0.780749	1	264	2	264	100	1.13636	30	60
NODE_1325_length_264_cov_0.780749	1	264	2	264	100	1.13636	30	60
NODE_1326_length_264_cov_0.780749	1	264	2	264	100	1.13636	30	60
NODE_1327_length_264_cov_0.780749	1	264	2	264	100	1.13636	30	60
NODE_1328_length_264_cov_0.780749	1	264	2	264	100	1.13636	30	60
NODE_1329_length_264_cov_0.780749	1	264	2	264	100	1.13636	30	60
NODE_1330_length_264_cov_0.780749	1	264	2	264	100	1.13636	30	60
NODE_1331_length_264_cov_0.780749	1	264	2	264	100	1.13636	30	60
NODE_1332_length_264_cov_0.780749	1	264	2	264	100	1.13636	30	60
NODE_1333_length_264_cov_0.780749	1	264	2	264	100	1.13636	30	60
NODE_1334_length_264_cov_0.748663	1	264	2	264	100	1.13636	30	60
NODE_1335_length_264_cov_0.727273	1	264	2	264	100	1.13636	30	60
NODE_1336_length_263_cov_8.043011	1	263	80	263	100	28.2053	30	48.7
NODE_1337_length_263_cov_4.709677	1	263	12	263	100	6.84411	30	60
NODE_1338_length_263_cov_2.354839	1	263	6	263	100	3.42205	30	60
NODE_1339_length_263_cov_1.623656	1	263	11	263	100	3.84411	30	31.5
NODE_1340_length_263_cov_1.569892	1	263	4	263	100	2.28137	30	60
NODE_1341_length_263_cov_1.569892	1	263	4	263	100	2.28137	30	60
NODE_1342_length_263_cov_1.569892	1	263	4	263	100	2.28137	30	60
NODE_1343_length_263_cov_1.569892	1	263	4	263	100	2.28137	30	60
NODE_1344_length_263_cov_1.569892	1	263	4	263	100	2.28137	30	60
NODE_1345_length_263_cov_1.569892	1	263	4	263	100	2.28137	30	60
NODE_1346_length_263_cov_1.569892	1	263	4	263	100	2.28137	30	60
NODE_1347_length_263_cov_1.462366	1	263	4	263	100	2.20532	30	57
NODE_1348_length_263_cov_1.225806	1	263	8	263	100	3.78707	30	31.8
NODE_1349_length_263_cov_1.209677	1	263	4	263	100	2.28137	30	60
NODE_1350_length_263_cov_0.784946	1	263	2	263	100	1.14068	30	60
NODE_1351_length_263_cov_0.784946	1	263	2	263	100	1.14068	30	60
NODE_1352_length_263_cov_0.784946	1	263	2	263	100	1.14068	30	60
NODE_1353_length_263_cov_0.784946	1	263	2	263	100	1.14068	30	60
NODE_1354_length_263_cov_0.784946	1	263	2	263	100	1.14068	30	60
NODE_1355_length_263_cov_0.784946	1	263	2	263	100	1.14068	30	60
NODE_1356_length_263_cov_0.784946	1	263	2	263	100	1.14068	30	60
NODE_1357_length_263_cov_0.784946	1	263	2	263	100	1.14068	30	60
NODE_1358_length_263_cov_0.784946	1	263	2	263	100	1.14068	30	60
NODE_1359_length_263_cov_0.784946	1	263	2	263	100	1.14068	30	60
NODE_1360_length_263_cov_0.784946	1	263	2	263	100	1.14068	30	60
NODE_1361_length_263_cov_0.784946	1	263	2	263	100	1.14068	30	60
NODE_1362_length_263_cov_0.784946	1	263	2	263	100	1.14068	30	60
NODE_1363_length_263_cov_0.784946	1	263	2	263	100	1.14068	30	60
NODE_1364_length_263_cov_0.784946	1	263	2	263	100	1.14068	30	60
NODE_1365_length_263_cov_0.784946	1	263	2	263	100	1.14068	30	60
NODE_1366_length_263_cov_0.784946	1	263	2	263	100	1.14068	30	60
NODE_1367_length_263_cov_0.784946	1	263	2	263	100	1.14068	30	60
NODE_1368_length_263_cov_0.784946	1	263	2	263	100	1.14068	30	60
NODE_1369_length_263_cov_0.784946	1	263	2	263	100	1.14068	30	60
NODE_1370_length_263_cov_0.784946	1	263	2	263	100	1.14068	30	60
NODE_1371_length_263_cov_0.784946	1	263	2	263	100	1.14068	30	60
NODE_1372_length_263_cov_0.784946	1	263	2	263	100	1.14068	30	60
NODE_1373_length_263_cov_0.784946	1	263	2	263	100	1.14068	30	60
NODE_1374_length_263_cov_0.784946	1	263	2	263	100	1.14068	30	60
NODE_1375_length_263_cov_0.784946	1	263	2	263	100	1.14068	30	60
NODE_1376_length_263_cov_0.784946	1	263	2	263	100	1.14068	30	60
NODE_1377_length_263_cov_0.784946	1	263	2	263	100	1.14068	30	60
NODE_1378_length_263_cov_0.784946	1	263	2	263	100	1.14068	30	60
NODE_1379_length_263_cov_0.784946	1	263	2	263	100	1.14068	30	60
NODE_1380_length_263_cov_0.784946	1	263	2	263	100	1.14068	30	60
NODE_1381_length_263_cov_0.784946	1	263	2	263	100	1.14068	30	60
NODE_1382_length_263_cov_0.784946	1	263	2	263	100	1.14068	30	60
NODE_1383_length_263_cov_0.784946	1	263	2	263	100	1.14068	30	60
NODE_1384_length_263_cov_0.784946	1	263	2	263	100	1.14068	30	60
NODE_1385_length_263_cov_0.784946	1	263	2	263	100	1.14068	30	60
NODE_1386_length_263_cov_0.784946	1	263	2	263	100	1.14068	30	60
NODE_1387_length_263_cov_0.784946	1	263	2	263	100	1.14068	30	60
NODE_1388_length_263_cov_0.784946	1	263	2	263	100	1.14068	30	60
NODE_1389_length_263_cov_0.784946	1	263	2	263	100	1.14068	30	60
NODE_1390_length_263_cov_0.784946	1	263	2	263	100	1.14068	30	60
NODE_1391_length_263_cov_0.784946	1	263	2	263	100	1.14068	30	60
NODE_1392_length_263_cov_0.784946	1	263	2	263	100	1.14068	30	60
NODE_1393_length_263_cov_0.784946	1	263	2	263	100	1.14068	30	60
NODE_1394_length_263_cov_0.784946	1	263	2	263	100	1.14068	30	60
NODE_1395_length_263_cov_0.784946	1	263	2	263	100	1.14068	30	60
NODE_1396_length_263_cov_0.784946	1	263	2	263	100	1.14068	30	60
NODE_1397_length_263_cov_0.784946	1	263	2	263	100	1.14068	30	60
NODE_1398_length_263_cov_0.763441	1	263	4	263	100	1.53612	30	34.8
NODE_1399_length_263_cov_0.758065	1	263	2	263	100	1.12167	30	60
NODE_1400_length_263_cov_0.741935	1	263	2	263	100	1.14068	30	60
NODE_1401_length_263_cov_0.731183	1	263	2	263	100	1.14068	30	60
NODE_1402_length_263_cov_0.704301	1	263	2	263	100	1.14068	30	60
NODE_1403_length_263_cov_0.698925	1	263	2	263	100	1.14068	30	60
NODE_1404_length_263_cov_0.698925	1	263	2	263	100	1.14068	30	60
NODE_1405_length_262_cov_1.578378	1	262	4	262	100	2.29008	30	60
NODE_1406_length_262_cov_1.578378	1	262	4	262	100	2.29008	30	60
NODE_1407_length_262_cov_1.578378	1	262	4	262	100	2.29008	30	60
NODE_1408_length_262_cov_1.578378	1	262	4	262	100	2.29008	30	60
NODE_1409_length_262_cov_1.578378	1	262	4	262	100	2.29008	30	60
NODE_1410_length_262_cov_1.578378	1	262	4	262	100	2.29008	30	60
NODE_1411_length_262_cov_1.562162	1	262	4	262	100	2.29008	30	60
NODE_1412_length_262_cov_1.556757	1	262	4	262	100	2.29008	30	60
NODE_1413_length_262_cov_1.556757	1	262	5	262	100	2.81679	30	53.8
NODE_1414_length_262_cov_1.475676	1	262	7	262	100	2.9313	30	34.7
NODE_1415_length_262_cov_1.389189	1	262	4	262	100	2.29008	30	60
NODE_1416_length_262_cov_1.183784	1	262	4	262	100	2.29008	30	60
NODE_1417_length_262_cov_0.789189	1	262	2	262	100	1.14504	30	60
NODE_1418_length_262_cov_0.789189	1	262	2	262	100	1.14504	30	60
NODE_1419_length_262_cov_0.789189	1	262	2	262	100	1.14504	30	60
NODE_1420_length_262_cov_0.789189	1	262	2	262	100	1.14504	30	60
NODE_1421_length_262_cov_0.789189	1	262	2	262	100	1.14504	30	60
NODE_1422_length_262_cov_0.789189	1	262	2	262	100	1.14504	30	60
NODE_1423_length_262_cov_0.789189	1	262	2	262	100	1.14504	30	60
NODE_1424_length_262_cov_0.789189	1	262	2	262	100	1.14504	30	60
NODE_1425_length_262_cov_0.789189	1	262	2	262	100	1.14504	30	60
NODE_1426_length_262_cov_0.789189	1	262	2	262	100	1.14504	30	60
NODE_1427_length_262_cov_0.789189	1	262	2	262	100	1.14504	30	60
NODE_1428_length_262_cov_0.789189	1	262	2	262	100	1.14504	30	60
NODE_1429_length_262_cov_0.789189	1	262	2	262	100	1.14504	30	60
NODE_1430_length_262_cov_0.789189	1	262	2	262	100	1.14504	30	60
NODE_1431_length_262_cov_0.789189	1	262	2	262	100	1.14504	30	60
NODE_1432_length_262_cov_0.789189	1	262	2	262	100	1.14504	30	60
NODE_1433_length_262_cov_0.789189	1	262	2	262	100	1.14504	30	60
NODE_1434_length_262_cov_0.789189	1	262	2	262	100	1.14504	30	60
NODE_1435_length_262_cov_0.789189	1	262	2	262	100	1.14504	30	60
NODE_1436_length_262_cov_0.789189	1	262	2	262	100	1.14504	30	60
NODE_1437_length_262_cov_0.789189	1	262	2	262	100	1.14504	30	60
NODE_1438_length_262_cov_0.789189	1	262	2	262	100	1.14504	30	60
NODE_1439_length_262_cov_0.789189	1	262	2	262	100	1.14504	30	60
NODE_1440_length_262_cov_0.789189	1	262	2	262	100	1.14504	30	60
NODE_1441_length_262_cov_0.789189	1	262	2	262	100	1.14504	30	60
NODE_1442_length_262_cov_0.789189	1	262	2	262	100	1.14504	30	60
NODE_1443_length_262_cov_0.789189	1	262	2	262	100	1.14504	30	60
NODE_1444_length_262_cov_0.789189	1	262	2	262	100	1.14504	30	60
NODE_1445_length_262_cov_0.789189	1	262	2	262	100	1.14504	30	60
NODE_1446_length_262_cov_0.789189	1	262	2	262	100	1.14504	30	60
NODE_1447_length_262_cov_0.789189	1	262	2	262	100	1.14504	30	60
NODE_1448_length_262_cov_0.789189	1	262	2	262	100	1.14504	30	60
NODE_1449_length_262_cov_0.789189	1	262	2	262	100	1.14504	30	60
NODE_1450_length_262_cov_0.789189	1	262	2	262	100	1.14504	30	60
NODE_1451_length_262_cov_0.789189	1	262	2	262	100	1.14504	30	60
NODE_1452_length_262_cov_0.789189	1	262	2	262	100	1.14504	30	60
NODE_1453_length_262_cov_0.789189	1	262	2	262	100	1.14504	30	60
NODE_1454_length_262_cov_0.789189	1	262	2	262	100	1.14504	30	60
NODE_1455_length_262_cov_0.789189	1	262	2	262	100	1.14504	30	60
NODE_1456_length_262_cov_0.789189	1	262	2	262	100	1.14504	30	60
NODE_1457_length_262_cov_0.789189	1	262	2	262	100	1.14504	30	60
NODE_1458_length_262_cov_0.767568	1	262	2	262	100	1.14504	30	60
NODE_1459_length_262_cov_0.762162	1	262	2	262	100	1.14504	30	60
NODE_1460_length_262_cov_0.756757	1	262	2	262	100	1.14504	30	60
NODE_1461_length_262_cov_0.751351	1	262	2	262	100	1.14504	30	60
NODE_1462_length_262_cov_0.745946	1	262	2	262	100	1.14504	30	60
NODE_1463_length_261_cov_1.586957	1	261	4	261	100	2.29885	30	60
NODE_1464_length_261_cov_1.586957	1	261	4	261	100	2.29885	30	60
NODE_1465_length_261_cov_1.586957	1	261	4	261	100	2.29885	30	60
NODE_1466_length_261_cov_1.586957	1	261	4	261	100	2.29885	30	60
NODE_1467_length_261_cov_1.586957	1	261	4	261	100	2.29885	30	60
NODE_1468_length_261_cov_1.586957	1	261	4	261	100	2.29885	30	60
NODE_1469_length_261_cov_1.586957	1	261	4	261	100	2.29885	30	60
NODE_1470_length_261_cov_1.586957	1	261	4	261	100	2.29885	30	60
NODE_1471_length_261_cov_1.586957	1	261	4	261	100	2.29885	30	60
NODE_1472_length_261_cov_1.521739	1	261	4	261	100	2.29885	30	60
NODE_1473_length_261_cov_1.500000	1	261	4	261	100	2.29885	30	60
NODE_1474_length_261_cov_1.309783	1	261	4	261	100	2.29885	30	60
NODE_1475_length_261_cov_1.190217	1	261	4	261	100	2.26437	30	60
NODE_1476_length_261_cov_0.793478	1	261	2	261	100	1.14943	30	60
NODE_1477_length_261_cov_0.793478	1	261	2	261	100	1.14943	30	60
NODE_1478_length_261_cov_0.793478	1	261	2	261	100	1.14943	30	60
NODE_1479_length_261_cov_0.793478	1	261	2	261	100	1.14943	30	60
NODE_1480_length_261_cov_0.793478	1	261	2	261	100	1.14943	30	60
NODE_1481_length_261_cov_0.793478	1	261	2	261	100	1.14943	30	60
NODE_1482_length_261_cov_0.793478	1	261	2	261	100	1.14943	30	60
NODE_1483_length_261_cov_0.793478	1	261	2	261	100	1.14943	30	60
NODE_1484_length_261_cov_0.793478	1	261	2	261	100	1.14943	30	60
NODE_1485_length_261_cov_0.793478	1	261	2	261	100	1.14943	30	60
NODE_1486_length_261_cov_0.793478	1	261	2	261	100	1.14943	30	60
NODE_1487_length_261_cov_0.793478	1	261	2	261	100	1.14943	30	60
NODE_1488_length_261_cov_0.793478	1	261	2	261	100	1.14943	30	60
NODE_1489_length_261_cov_0.793478	1	261	2	261	100	1.14943	30	60
NODE_1490_length_261_cov_0.793478	1	261	2	261	100	1.14943	30	60
NODE_1491_length_261_cov_0.793478	1	261	2	261	100	1.14943	30	60
NODE_1492_length_261_cov_0.793478	1	261	2	261	100	1.14943	30	60
NODE_1493_length_261_cov_0.793478	1	261	2	261	100	1.14943	30	60
NODE_1494_length_261_cov_0.793478	1	261	2	261	100	1.14943	30	60
NODE_1495_length_261_cov_0.793478	1	261	2	261	100	1.14943	30	60
NODE_1496_length_261_cov_0.793478	1	261	2	261	100	1.14943	30	60
NODE_1497_length_261_cov_0.793478	1	261	2	261	100	1.14943	30	60
NODE_1498_length_261_cov_0.793478	1	261	2	261	100	1.14943	30	60
NODE_1499_length_261_cov_0.793478	1	261	2	261	100	1.14943	30	60
NODE_1500_length_261_cov_0.793478	1	261	2	261	100	1.14943	30	60
NODE_1501_length_261_cov_0.793478	1	261	2	261	100	1.14943	30	60
NODE_1502_length_261_cov_0.793478	1	261	2	261	100	1.14943	30	60
NODE_1503_length_261_cov_0.793478	1	261	2	261	100	1.14943	30	60
NODE_1504_length_261_cov_0.793478	1	261	2	261	100	1.14943	30	60
NODE_1505_length_261_cov_0.793478	1	261	2	261	100	1.14943	30	60
NODE_1506_length_261_cov_0.793478	1	261	2	261	100	1.14943	30	60
NODE_1507_length_261_cov_0.793478	1	261	2	261	100	1.14943	30	60
NODE_1508_length_261_cov_0.793478	1	261	2	261	100	1.14943	30	60
NODE_1509_length_261_cov_0.793478	1	261	2	261	100	1.14943	30	60
NODE_1510_length_261_cov_0.793478	1	261	2	261	100	1.14943	30	60
NODE_1511_length_261_cov_0.793478	1	261	2	261	100	1.14943	30	60
NODE_1512_length_261_cov_0.793478	1	261	2	261	100	1.14943	30	60
NODE_1513_length_261_cov_0.793478	1	261	2	261	100	1.14943	30	60
NODE_1514_length_261_cov_0.793478	1	261	2	261	100	1.14943	30	60
NODE_1515_length_261_cov_0.793478	1	261	2	261	100	1.14943	30	60
NODE_1516_length_261_cov_0.793478	1	261	2	261	100	1.14943	30	60
NODE_1517_length_261_cov_0.793478	1	261	2	261	100	1.14943	30	60
NODE_1518_length_261_cov_0.793478	1	261	2	261	100	1.14943	30	60
NODE_1519_length_261_cov_0.793478	1	261	2	261	100	1.14943	30	60
NODE_1520_length_261_cov_0.793478	1	261	2	261	100	1.14943	30	60
NODE_1521_length_261_cov_0.793478	1	261	8	261	100	3.18391	30	44
NODE_1522_length_261_cov_0.793478	1	261	2	261	100	1.14943	30	60
NODE_1523_length_261_cov_0.793478	1	261	2	261	100	1.14943	30	60
NODE_1524_length_261_cov_0.744565	1	261	2	261	100	1.14943	30	60
NODE_1525_length_261_cov_0.739130	1	261	2	261	100	1.14943	30	60
NODE_1526_length_261_cov_0.722826	1	261	2	261	100	1.14943	30	60
NODE_1527_length_261_cov_0.701087	1	261	2	261	100	1.14943	30	60
NODE_1528_length_260_cov_2.612022	1	260	11	260	100	5.04231	30	51.5
NODE_1529_length_260_cov_2.393443	1	260	6	260	100	3.46154	30	60
NODE_1530_length_260_cov_2.393443	1	260	6	260	100	3.46154	30	60
NODE_1531_length_260_cov_2.393443	1	260	6	260	100	3.46154	30	60
NODE_1532_length_260_cov_1.825137	1	260	6	260	100	3.06154	30	57.2
NODE_1533_length_260_cov_1.595628	1	260	6	260	100	2.78077	30	42.8
NODE_1534_length_260_cov_1.595628	1	260	4	260	100	2.30769	30	60
NODE_1535_length_260_cov_1.595628	1	260	4	260	100	2.30769	30	60
NODE_1536_length_260_cov_1.595628	1	260	4	260	100	2.30769	30	60
NODE_1537_length_260_cov_1.595628	1	260	4	260	100	2.30769	30	60
NODE_1538_length_260_cov_1.595628	1	260	4	260	100	2.30769	30	60
NODE_1539_length_260_cov_1.595628	1	260	4	260	100	2.30769	30	60
NODE_1540_length_260_cov_1.595628	1	260	4	260	100	2.30769	30	60
NODE_1541_length_260_cov_1.595628	1	260	4	260	100	2.30769	30	60
NODE_1542_length_260_cov_1.595628	1	260	4	260	100	2.30769	30	60
NODE_1543_length_260_cov_1.595628	1	260	4	260	100	2.30769	30	60
NODE_1544_length_260_cov_1.595628	1	260	4	260	100	2.30769	30	60
NODE_1545_length_260_cov_1.595628	1	260	10	260	100	3.90769	30	24.4
NODE_1546_length_260_cov_1.387978	1	260	4	260	100	2.30769	30	60
NODE_1547_length_260_cov_0.797814	1	260	2	260	100	1.15385	30	60
NODE_1548_length_260_cov_0.797814	1	260	2	260	100	1.15385	30	60
NODE_1549_length_260_cov_0.797814	1	260	2	260	100	1.15385	30	60
NODE_1550_length_260_cov_0.797814	1	260	2	260	100	1.15385	30	60
NODE_1551_length_260_cov_0.797814	1	260	2	260	100	1.15385	30	60
NODE_1552_length_260_cov_0.797814	1	260	2	260	100	1.15385	30	60
NODE_1553_length_260_cov_0.797814	1	260	2	260	100	1.15385	30	60
NODE_1554_length_260_cov_0.797814	1	260	2	260	100	1.15385	30	60
NODE_1555_length_260_cov_0.797814	1	260	2	260	100	1.15385	30	60
NODE_1556_length_260_cov_0.797814	1	260	2	260	100	1.15385	30	60
NODE_1557_length_260_cov_0.797814	1	260	2	260	100	1.15385	30	60
NODE_1558_length_260_cov_0.797814	1	260	2	260	100	1.15385	30	60
NODE_1559_length_260_cov_0.797814	1	260	2	260	100	1.15385	30	60
NODE_1560_length_260_cov_0.797814	1	260	2	260	100	1.15385	30	60
NODE_1561_length_260_cov_0.797814	1	260	2	260	100	1.15385	30	60
NODE_1562_length_260_cov_0.797814	1	260	2	260	100	1.15385	30	60
NODE_1563_length_260_cov_0.797814	1	260	2	260	100	1.15385	30	60
NODE_1564_length_260_cov_0.797814	1	260	2	260	100	1.15385	30	60
NODE_1565_length_260_cov_0.797814	1	260	2	260	100	1.15385	30	60
NODE_1566_length_260_cov_0.797814	1	260	2	260	100	1.15385	30	60
NODE_1567_length_260_cov_0.797814	1	260	2	260	100	1.15385	30	60
NODE_1568_length_260_cov_0.797814	1	260	2	260	100	1.15385	30	60
NODE_1569_length_260_cov_0.797814	1	260	2	260	100	1.15385	30	60
NODE_1570_length_260_cov_0.797814	1	260	2	260	100	1.15385	30	60
NODE_1571_length_260_cov_0.797814	1	260	2	260	100	1.15385	30	60
NODE_1572_length_260_cov_0.797814	1	260	2	260	100	1.15385	30	60
NODE_1573_length_260_cov_0.797814	1	260	2	260	100	1.15385	30	60
NODE_1574_length_260_cov_0.797814	1	260	2	260	100	1.15385	30	60
NODE_1575_length_260_cov_0.797814	1	260	2	260	100	1.15385	30	60
NODE_1576_length_260_cov_0.797814	1	260	2	260	100	1.15385	30	60
NODE_1577_length_260_cov_0.797814	1	260	2	260	100	1.15385	30	60
NODE_1578_length_260_cov_0.797814	1	260	2	260	100	1.15385	30	60
NODE_1579_length_260_cov_0.797814	1	260	2	260	100	1.15385	30	60
NODE_1580_length_260_cov_0.797814	1	260	2	260	100	1.15385	30	60
NODE_1581_length_260_cov_0.797814	1	260	2	260	100	1.15385	30	60
NODE_1582_length_260_cov_0.797814	1	260	2	260	100	1.15385	30	60
NODE_1583_length_260_cov_0.737705	1	260	2	260	100	1.15385	30	60
NODE_1584_length_260_cov_0.721311	1	260	2	260	100	1.15385	30	60
NODE_1585_length_260_cov_0.704918	1	260	2	260	100	1.15385	30	60
NODE_1586_length_260_cov_0.704918	1	260	2	260	100	1.15385	30	60
NODE_1587_length_259_cov_3.208791	1	259	8	259	100	4.6332	30	60
NODE_1588_length_259_cov_2.769231	1	259	41	259	100	16.5483	30	21.2
NODE_1589_length_259_cov_2.406593	1	259	6	259	100	3.4749	30	58
NODE_1590_length_259_cov_2.406593	1	259	6	259	100	3.4749	30	60
NODE_1591_length_259_cov_2.406593	1	259	6	259	100	3.4749	30	60
NODE_1592_length_259_cov_1.604396	1	259	6	259	100	2.8417	30	43.7
NODE_1593_length_259_cov_1.604396	1	259	4	259	100	2.3166	30	60
NODE_1594_length_259_cov_1.604396	1	259	4	259	100	2.3166	30	60
NODE_1595_length_259_cov_1.604396	1	259	4	259	100	2.3166	30	60
NODE_1596_length_259_cov_1.604396	1	259	4	259	100	2.3166	30	60
NODE_1597_length_259_cov_1.604396	1	259	4	259	100	2.3166	30	60
NODE_1598_length_259_cov_1.604396	1	259	4	259	100	2.3166	30	60
NODE_1599_length_259_cov_1.604396	1	259	4	259	100	2.3166	30	60
NODE_1600_length_259_cov_1.604396	1	259	4	259	100	2.3166	30	60
NODE_1601_length_259_cov_1.593407	1	259	4	259	100	2.3166	30	60
NODE_1602_length_259_cov_1.587912	1	259	4	259	100	2.3166	30	60
NODE_1603_length_259_cov_1.390110	1	259	4	259	100	2.3166	30	60
NODE_1604_length_259_cov_1.379121	1	259	4	259	100	2.3166	30	60
NODE_1605_length_259_cov_1.197802	1	259	4	259	100	2.3166	30	60
NODE_1606_length_259_cov_1.065934	1	259	9	259	100	3.43629	30	31.7
NODE_1607_length_259_cov_0.802198	1	259	9	259	100	3.03861	30	31.9
NODE_1608_length_259_cov_0.802198	1	259	2	259	100	1.1583	30	60
NODE_1609_length_259_cov_0.802198	1	259	2	259	100	1.1583	30	60
NODE_1610_length_259_cov_0.802198	1	259	2	259	100	1.1583	30	60
NODE_1611_length_259_cov_0.802198	1	259	2	259	100	1.1583	30	60
NODE_1612_length_259_cov_0.802198	1	259	2	259	100	1.1583	30	60
NODE_1613_length_259_cov_0.802198	1	259	2	259	100	1.1583	30	60
NODE_1614_length_259_cov_0.802198	1	259	2	259	100	1.1583	30	60
NODE_1615_length_259_cov_0.802198	1	259	2	259	100	1.1583	30	60
NODE_1616_length_259_cov_0.802198	1	259	2	259	100	1.1583	30	60
NODE_1617_length_259_cov_0.802198	1	259	8	259	100	1.84556	30	15.5
NODE_1618_length_259_cov_0.802198	1	259	2	259	100	1.1583	30	60
NODE_1619_length_259_cov_0.802198	1	259	2	259	100	1.1583	30	60
NODE_1620_length_259_cov_0.802198	1	259	2	259	100	1.1583	30	60
NODE_1621_length_259_cov_0.802198	1	259	2	259	100	1.1583	30	60
NODE_1622_length_259_cov_0.802198	1	259	2	259	100	1.1583	30	60
NODE_1623_length_259_cov_0.802198	1	259	2	259	100	1.1583	30	60
NODE_1624_length_259_cov_0.802198	1	259	2	259	100	1.1583	30	60
NODE_1625_length_259_cov_0.802198	1	259	2	259	100	1.1583	30	60
NODE_1626_length_259_cov_0.802198	1	259	2	259	100	1.1583	30	60
NODE_1627_length_259_cov_0.802198	1	259	2	259	100	1.1583	30	60
NODE_1628_length_259_cov_0.802198	1	259	2	259	100	1.1583	30	60
NODE_1629_length_259_cov_0.802198	1	259	2	259	100	1.1583	30	60
NODE_1630_length_259_cov_0.802198	1	259	2	259	100	1.1583	30	60
NODE_1631_length_259_cov_0.802198	1	259	2	259	100	1.1583	30	60
NODE_1632_length_259_cov_0.802198	1	259	2	259	100	1.1583	30	60
NODE_1633_length_259_cov_0.802198	1	259	2	259	100	1.1583	30	60
NODE_1634_length_259_cov_0.802198	1	259	2	259	100	1.1583	30	60
NODE_1635_length_259_cov_0.802198	1	259	2	259	100	1.1583	30	60
NODE_1636_length_259_cov_0.802198	1	259	2	259	100	1.1583	30	60
NODE_1637_length_259_cov_0.802198	1	259	2	259	100	1.1583	30	60
NODE_1638_length_259_cov_0.802198	1	259	2	259	100	1.1583	30	60
NODE_1639_length_259_cov_0.802198	1	259	2	259	100	1.1583	30	60
NODE_1640_length_259_cov_0.802198	1	259	2	259	100	1.1583	30	60
NODE_1641_length_259_cov_0.802198	1	259	2	259	100	1.1583	30	60
NODE_1642_length_259_cov_0.802198	1	259	2	259	100	1.1583	30	60
NODE_1643_length_259_cov_0.802198	1	259	2	259	100	1.1583	30	60
NODE_1644_length_259_cov_0.802198	1	259	2	259	100	1.1583	30	60
NODE_1645_length_259_cov_0.802198	1	259	2	259	100	1.1583	30	60
NODE_1646_length_259_cov_0.802198	1	259	2	259	100	1.1583	30	60
NODE_1647_length_259_cov_0.802198	1	259	2	259	100	1.1583	30	60
NODE_1648_length_259_cov_0.802198	1	259	2	259	100	1.1583	30	60
NODE_1649_length_259_cov_0.752747	1	259	2	259	100	1.1583	30	60
NODE_1650_length_259_cov_0.741758	1	259	2	259	100	1.1583	30	60
NODE_1651_length_259_cov_0.730769	1	259	2	259	100	1.1583	30	60
NODE_1652_length_258_cov_0.719780	1	258	8	258	100	2.37597	30	27.4
NODE_1653_length_258_cov_2.419890	1	258	6	258	100	3.48837	30	60
NODE_1654_length_258_cov_2.419890	1	258	6	258	100	3.48837	30	60
NODE_1655_length_258_cov_2.419890	1	258	6	258	100	3.48837	30	60
NODE_1656_length_258_cov_1.613260	1	258	4	258	100	2.32558	30	60
NODE_1657_length_258_cov_1.613260	1	258	4	258	100	2.32558	30	60
NODE_1658_length_258_cov_1.613260	1	258	4	258	100	2.32558	30	60
NODE_1659_length_258_cov_1.613260	1	258	4	258	100	2.32558	30	60
NODE_1660_length_258_cov_1.613260	1	258	4	258	100	2.32558	30	60
NODE_1661_length_258_cov_1.613260	1	258	4	258	100	2.32558	30	60
NODE_1662_length_258_cov_1.613260	1	258	4	258	100	2.32558	30	60
NODE_1663_length_258_cov_1.613260	1	258	4	258	100	2.32558	30	60
NODE_1664_length_258_cov_1.270718	1	258	4	258	100	2.32558	30	60
NODE_1665_length_258_cov_0.806630	1	258	2	258	100	1.16279	30	60
NODE_1666_length_258_cov_0.806630	1	258	2	258	100	1.16279	30	60
NODE_1667_length_258_cov_0.806630	1	258	2	258	100	1.16279	30	60
NODE_1668_length_258_cov_0.806630	1	258	2	258	100	1.16279	30	60
NODE_1669_length_258_cov_0.806630	1	258	2	258	100	1.16279	30	60
NODE_1670_length_258_cov_0.806630	1	258	2	258	100	1.16279	30	60
NODE_1671_length_258_cov_0.806630	1	258	2	258	100	1.16279	30	60
NODE_1672_length_258_cov_0.806630	1	258	2	258	100	1.16279	30	60
NODE_1673_length_258_cov_0.806630	1	258	2	258	100	1.16279	30	60
NODE_1674_length_258_cov_0.806630	1	258	2	258	100	1.16279	30	60
NODE_1675_length_258_cov_0.806630	1	258	2	258	100	1.16279	30	60
NODE_1676_length_258_cov_0.806630	1	258	2	258	100	1.16279	30	60
NODE_1677_length_258_cov_0.806630	1	258	2	258	100	1.16279	30	60
NODE_1678_length_258_cov_0.806630	1	258	2	258	100	1.16279	30	60
NODE_1679_length_258_cov_0.806630	1	258	2	258	100	1.16279	30	60
NODE_1680_length_258_cov_0.806630	1	258	2	258	100	1.16279	30	60
NODE_1681_length_258_cov_0.806630	1	258	2	258	100	1.16279	30	60
NODE_1682_length_258_cov_0.806630	1	258	2	258	100	1.16279	30	60
NODE_1683_length_258_cov_0.806630	1	258	2	258	100	1.16279	30	60
NODE_1684_length_258_cov_0.806630	1	258	2	258	100	1.16279	30	60
NODE_1685_length_258_cov_0.806630	1	258	2	258	100	1.16279	30	60
NODE_1686_length_258_cov_0.806630	1	258	2	258	100	1.16279	30	60
NODE_1687_length_258_cov_0.806630	1	258	2	258	100	1.16279	30	60
NODE_1688_length_258_cov_0.806630	1	258	2	258	100	1.16279	30	60
NODE_1689_length_258_cov_0.806630	1	258	2	258	100	1.16279	30	60
NODE_1690_length_258_cov_0.806630	1	258	2	258	100	1.16279	30	60
NODE_1691_length_258_cov_0.806630	1	258	2	258	100	1.16279	30	60
NODE_1692_length_258_cov_0.806630	1	258	2	258	100	1.16279	30	60
NODE_1693_length_258_cov_0.806630	1	258	2	258	100	1.16279	30	60
NODE_1694_length_258_cov_0.806630	1	258	2	258	100	1.16279	30	60
NODE_1695_length_258_cov_0.806630	1	258	2	258	100	1.16279	30	60
NODE_1696_length_258_cov_0.806630	1	258	2	258	100	1.16279	30	60
NODE_1697_length_258_cov_0.806630	1	258	2	258	100	1.16279	30	60
NODE_1698_length_258_cov_0.806630	1	258	2	258	100	1.16279	30	60
NODE_1699_length_258_cov_0.806630	1	258	2	258	100	1.16279	30	60
NODE_1700_length_258_cov_0.806630	1	258	2	258	100	1.16279	30	60
NODE_1701_length_258_cov_0.806630	1	258	2	258	100	1.16279	30	60
NODE_1702_length_258_cov_0.806630	1	258	2	258	100	1.16279	30	60
NODE_1703_length_258_cov_0.806630	1	258	2	258	100	1.16279	30	60
NODE_1704_length_258_cov_0.806630	1	258	2	258	100	1.16279	30	60
NODE_1705_length_258_cov_0.806630	1	258	2	258	100	1.16279	30	60
NODE_1706_length_258_cov_0.806630	1	258	2	258	100	1.16279	30	60
NODE_1707_length_258_cov_0.806630	1	258	2	258	100	1.16279	30	60
NODE_1708_length_258_cov_0.806630	1	258	2	258	100	1.16279	30	60
NODE_1709_length_258_cov_0.806630	1	258	2	258	100	1.16279	30	60
NODE_1710_length_258_cov_0.806630	1	258	2	258	100	1.16279	30	60
NODE_1711_length_258_cov_0.806630	1	258	2	258	100	1.16279	30	60
NODE_1712_length_258_cov_0.806630	1	258	2	258	100	1.16279	30	60
NODE_1713_length_258_cov_0.806630	1	258	2	258	100	1.16279	30	60
NODE_1714_length_258_cov_0.806630	1	258	2	258	100	1.16279	30	60
NODE_1715_length_258_cov_0.756906	1	258	2	258	100	1.16279	30	60
NODE_1716_length_257_cov_2.433333	1	257	6	257	100	3.50195	30	60
NODE_1717_length_257_cov_1.622222	1	257	4	257	100	2.33463	30	60
NODE_1718_length_257_cov_1.622222	1	257	4	257	100	2.33463	30	60
NODE_1719_length_257_cov_1.622222	1	257	4	257	100	2.33463	30	60
NODE_1720_length_257_cov_1.622222	1	257	4	257	100	2.33463	30	60
NODE_1721_length_257_cov_1.622222	1	257	4	257	100	2.33463	30	60
NODE_1722_length_258_cov_1.622222	1	258	60	258	100	25.6434	30	15.2
NODE_1723_length_257_cov_1.216667	1	257	4	257	100	2.33463	30	60
NODE_1724_length_257_cov_1.166667	1	257	6	257	100	2.52918	30	58.3
NODE_1725_length_257_cov_0.811111	1	257	2	257	100	1.16732	30	60
NODE_1726_length_257_cov_0.811111	1	257	2	257	100	1.16732	30	60
NODE_1727_length_257_cov_0.811111	1	257	2	257	100	1.16732	30	60
NODE_1728_length_257_cov_0.811111	1	257	2	257	100	1.16732	30	60
NODE_1729_length_257_cov_0.811111	1	257	2	257	100	1.16732	30	60
NODE_1730_length_257_cov_0.811111	1	257	2	257	100	1.16732	30	60
NODE_1731_length_257_cov_0.811111	1	257	2	257	100	1.16732	30	60
NODE_1732_length_257_cov_0.811111	1	257	2	257	100	1.16732	30	60
NODE_1733_length_257_cov_0.811111	1	257	2	257	100	1.16732	30	60
NODE_1734_length_257_cov_0.811111	1	257	2	257	100	1.16732	30	60
NODE_1735_length_257_cov_0.811111	1	257	2	257	100	1.16732	30	60
NODE_1736_length_257_cov_0.811111	1	257	2	257	100	1.16732	30	60
NODE_1737_length_257_cov_0.811111	1	257	2	257	100	1.16732	30	60
NODE_1738_length_257_cov_0.811111	1	257	2	257	100	1.16732	30	60
NODE_1739_length_257_cov_0.811111	1	257	2	257	100	1.16732	30	60
NODE_1740_length_257_cov_0.811111	1	257	2	257	100	1.16732	30	60
NODE_1741_length_257_cov_0.811111	1	257	2	257	100	1.16732	30	60
NODE_1742_length_257_cov_0.811111	1	257	2	257	100	1.16732	30	60
NODE_1743_length_257_cov_0.811111	1	257	2	257	100	1.16732	30	60
NODE_1744_length_257_cov_0.811111	1	257	2	257	100	1.16732	30	60
NODE_1745_length_257_cov_0.811111	1	257	2	257	100	1.16732	30	60
NODE_1746_length_257_cov_0.811111	1	257	2	257	100	1.16732	30	60
NODE_1747_length_257_cov_0.811111	1	257	2	257	100	1.16732	30	60
NODE_1748_length_257_cov_0.811111	1	257	2	257	100	1.16732	30	60
NODE_1749_length_257_cov_0.811111	1	257	2	257	100	1.16732	30	60
NODE_1750_length_257_cov_0.811111	1	257	2	257	100	1.16732	30	60
NODE_1751_length_257_cov_0.811111	1	257	2	257	100	1.16732	30	60
NODE_1752_length_257_cov_0.811111	1	257	2	257	100	1.16732	30	60
NODE_1753_length_257_cov_0.811111	1	257	2	257	100	1.16732	30	60
NODE_1754_length_257_cov_0.811111	1	257	2	257	100	1.16732	30	60
NODE_1755_length_257_cov_0.811111	1	257	2	257	100	1.16732	30	60
NODE_1756_length_257_cov_0.811111	1	257	2	257	100	1.16732	30	60
NODE_1757_length_257_cov_0.811111	1	257	2	257	100	1.16732	30	60
NODE_1758_length_257_cov_0.811111	1	257	2	257	100	1.16732	30	60
NODE_1759_length_257_cov_0.811111	1	257	2	257	100	1.16732	30	60
NODE_1760_length_257_cov_0.811111	1	257	2	257	100	1.16732	30	60
NODE_1761_length_257_cov_0.811111	1	257	2	257	100	1.16732	30	60
NODE_1762_length_257_cov_0.811111	1	257	2	257	100	1.16732	30	60
NODE_1763_length_257_cov_0.811111	1	257	2	257	100	1.16732	30	60
NODE_1764_length_256_cov_0.811111	1	256	4	256	100	1.61328	30	47.2
NODE_1765_length_257_cov_0.811111	1	257	2	257	100	1.16732	30	60
NODE_1766_length_257_cov_0.811111	1	257	3	257	100	1.33852	30	42.3
NODE_1767_length_257_cov_0.811111	1	257	2	257	100	1.16732	30	60
NODE_1768_length_257_cov_0.811111	1	257	2	257	100	1.16732	30	60
NODE_1769_length_257_cov_0.811111	1	257	2	257	100	1.16732	30	60
NODE_1770_length_257_cov_0.811111	1	257	2	257	100	1.16732	30	60
NODE_1771_length_257_cov_0.811111	1	257	2	257	100	1.16732	30	60
NODE_1772_length_257_cov_0.811111	1	257	2	257	100	1.16732	30	60
NODE_1773_length_257_cov_0.811111	1	257	2	257	100	1.16732	30	60
NODE_1774_length_257_cov_0.811111	1	257	2	257	100	1.16732	30	60
NODE_1775_length_257_cov_0.811111	1	257	2	257	100	1.16732	30	60
NODE_1776_length_257_cov_0.811111	1	257	2	257	100	1.16732	30	60
NODE_1777_length_257_cov_0.811111	1	257	2	257	100	1.16732	30	60
NODE_1778_length_257_cov_0.811111	1	257	2	257	100	1.16732	30	60
NODE_1779_length_257_cov_0.761111	1	257	2	257	100	1.15564	30	60
NODE_1780_length_257_cov_0.738889	1	257	2	257	100	1.16732	30	60
NODE_1781_length_257_cov_0.716667	1	257	2	257	100	1.16732	30	60
NODE_1782_length_257_cov_0.711111	1	257	2	257	100	1.16732	30	60
NODE_1783_length_257_cov_0.694444	1	257	2	257	100	1.16732	30	60
NODE_1784_length_256_cov_2.446927	1	256	6	256	100	3.51562	30	60
NODE_1785_length_256_cov_2.446927	1	256	6	256	100	3.51562	30	60
NODE_1786_length_256_cov_2.446927	1	256	6	256	100	3.51562	30	60
NODE_1787_length_256_cov_2.446927	1	256	6	256	100	3.51562	30	60
NODE_1788_length_256_cov_1.631285	1	256	4	256	100	2.34375	30	60
NODE_1789_length_256_cov_1.631285	1	256	4	256	100	2.34375	30	60
NODE_1790_length_256_cov_1.631285	1	256	4	256	100	2.34375	30	60
NODE_1791_length_256_cov_1.631285	1	256	4	256	100	2.34375	30	60
NODE_1792_length_256_cov_1.631285	1	256	4	256	100	2.34375	30	60
NODE_1793_length_256_cov_1.631285	1	256	4	256	100	2.34375	30	60
NODE_1794_length_256_cov_1.094972	1	256	3	256	100	1.75781	30	60
NODE_1795_length_256_cov_0.815642	1	256	2	256	100	1.17188	30	60
NODE_1796_length_256_cov_0.815642	1	256	2	256	100	1.17188	30	60
NODE_1797_length_256_cov_0.815642	1	256	2	256	100	1.17188	30	60
NODE_1798_length_256_cov_0.815642	1	256	2	256	100	1.17188	30	60
NODE_1799_length_256_cov_0.815642	1	256	2	256	100	1.17188	30	60
NODE_1800_length_256_cov_0.815642	1	256	2	256	100	1.17188	30	60
NODE_1801_length_256_cov_0.815642	1	256	2	256	100	1.17188	30	60
NODE_1802_length_256_cov_0.815642	1	256	2	256	100	1.17188	30	60
NODE_1803_length_256_cov_0.815642	1	256	2	256	100	1.17188	30	60
NODE_1804_length_256_cov_0.815642	1	256	4	256	100	1.49219	30	31
NODE_1805_length_256_cov_0.815642	1	256	2	256	100	1.17188	30	60
NODE_1806_length_256_cov_0.815642	1	256	2	256	100	1.17188	30	60
NODE_1807_length_256_cov_0.815642	1	256	2	256	100	1.17188	30	60
NODE_1808_length_256_cov_0.815642	1	256	2	256	100	1.17188	30	60
NODE_1809_length_256_cov_0.815642	1	256	2	256	100	1.17188	30	60
NODE_1810_length_256_cov_0.815642	1	256	2	256	100	1.17188	30	60
NODE_1811_length_256_cov_0.815642	1	256	2	256	100	1.17188	30	60
NODE_1812_length_256_cov_0.815642	1	256	2	256	100	1.17188	30	60
NODE_1813_length_256_cov_0.815642	1	256	2	256	100	1.17188	30	60
NODE_1814_length_256_cov_0.815642	1	256	2	256	100	1.17188	30	60
NODE_1815_length_256_cov_0.815642	1	256	2	256	100	1.17188	30	60
NODE_1816_length_256_cov_0.815642	1	256	2	256	100	1.17188	30	60
NODE_1817_length_256_cov_0.815642	1	256	2	256	100	1.17188	30	60
NODE_1818_length_256_cov_0.815642	1	256	2	256	100	1.17188	30	60
NODE_1819_length_256_cov_0.815642	1	256	2	256	100	1.17188	30	60
NODE_1820_length_256_cov_0.815642	1	256	2	256	100	1.17188	30	60
NODE_1821_length_256_cov_0.815642	1	256	2	256	100	1.17188	30	60
NODE_1822_length_256_cov_0.815642	1	256	2	256	100	1.17188	30	60
NODE_1823_length_256_cov_0.815642	1	256	2	256	100	1.17188	30	60
NODE_1824_length_256_cov_0.815642	1	256	2	256	100	1.17188	30	60
NODE_1825_length_256_cov_0.815642	1	256	2	256	100	1.17188	30	60
NODE_1826_length_256_cov_0.815642	1	256	2	256	100	1.17188	30	60
NODE_1827_length_256_cov_0.815642	1	256	8	256	100	2.73047	30	31.2
NODE_1828_length_256_cov_0.815642	1	256	2	256	100	1.17188	30	60
NODE_1829_length_256_cov_0.815642	1	256	2	256	100	1.17188	30	60
NODE_1830_length_256_cov_0.815642	1	256	2	256	100	1.17188	30	60
NODE_1831_length_256_cov_0.815642	1	256	2	256	100	1.17188	30	60
NODE_1832_length_256_cov_0.815642	1	256	7	256	100	2.01562	30	20.9
NODE_1833_length_256_cov_0.815642	1	256	2	256	100	1.17188	30	60
NODE_1834_length_256_cov_0.815642	1	256	2	256	100	1.17188	30	60
NODE_1835_length_256_cov_0.815642	1	256	2	256	100	1.17188	30	60
NODE_1836_length_256_cov_0.815642	1	256	2	256	100	1.17188	30	60
NODE_1837_length_256_cov_0.815642	1	256	2	256	100	1.17188	30	60
NODE_1838_length_256_cov_0.815642	1	256	2	256	100	1.17188	30	60
NODE_1839_length_256_cov_0.815642	1	256	2	256	100	1.17188	30	60
NODE_1840_length_256_cov_0.815642	1	256	2	256	100	1.17188	30	60
NODE_1841_length_256_cov_0.815642	1	256	2	256	100	1.17188	30	60
NODE_1842_length_256_cov_0.815642	1	256	2	256	100	1.17188	30	60
NODE_1843_length_256_cov_0.815642	1	256	2	256	100	1.17188	30	60
NODE_1844_length_256_cov_0.815642	1	256	2	256	100	1.17188	30	60
NODE_1845_length_256_cov_0.804469	1	256	2	256	100	1.17188	30	60
NODE_1846_length_256_cov_0.793296	1	256	2	256	100	1.17188	30	60
NODE_1847_length_256_cov_0.715084	1	256	2	256	100	1.17188	30	60
NODE_1848_length_256_cov_0.698324	1	256	2	256	100	1.17188	30	60
NODE_1849_length_255_cov_2.460674	1	255	6	255	100	3.52941	30	60
NODE_1850_length_255_cov_2.460674	1	255	6	255	100	3.52941	30	60
NODE_1851_length_255_cov_2.460674	1	255	6	255	100	3.52941	30	60
NODE_1852_length_255_cov_2.460674	1	255	6	255	100	3.52941	30	60
NODE_1853_length_255_cov_2.337079	1	255	35	255	100	10.702	30	11.8
NODE_1854_length_255_cov_2.050562	1	255	5	255	100	2.94118	30	60
NODE_1855_length_255_cov_1.640449	1	255	4	255	100	2.35294	30	60
NODE_1856_length_255_cov_1.640449	1	255	4	255	100	2.35294	30	60
NODE_1857_length_255_cov_1.640449	1	255	4	255	100	2.35294	30	60
NODE_1858_length_255_cov_1.640449	1	255	4	255	100	2.35294	30	60
NODE_1859_length_255_cov_1.640449	1	255	4	255	100	2.35294	30	60
NODE_1860_length_255_cov_1.640449	1	255	4	255	100	2.35294	30	60
NODE_1861_length_255_cov_1.640449	1	255	4	255	100	2.35294	30	60
NODE_1862_length_255_cov_1.438202	1	255	6	255	100	2.81569	30	59.5
NODE_1863_length_255_cov_1.421348	1	255	21	255	100	8.01961	30	18.1
NODE_1864_length_255_cov_1.269663	1	255	4	255	100	2.35294	30	60
NODE_1865_length_255_cov_1.230337	1	255	4	255	100	2.35294	30	60
NODE_1866_length_255_cov_0.820225	1	255	2	255	100	1.17647	30	60
NODE_1867_length_255_cov_0.820225	1	255	2	255	100	1.17647	30	60
NODE_1868_length_255_cov_0.820225	1	255	2	255	100	1.17647	30	60
NODE_1869_length_255_cov_0.820225	1	255	2	255	100	1.17647	30	60
NODE_1870_length_255_cov_0.820225	1	255	2	255	100	1.17647	30	60
NODE_1871_length_255_cov_0.820225	1	255	2	255	100	1.17647	30	60
NODE_1872_length_255_cov_0.820225	1	255	2	255	100	1.17647	30	60
NODE_1873_length_255_cov_0.820225	1	255	2	255	100	1.17647	30	60
NODE_1874_length_255_cov_0.820225	1	255	2	255	100	1.17647	30	60
NODE_1875_length_255_cov_0.820225	1	255	2	255	100	1.17647	30	60
NODE_1876_length_255_cov_0.820225	1	255	2	255	100	1.17647	30	60
NODE_1877_length_255_cov_0.820225	1	255	2	255	100	1.17647	30	60
NODE_1878_length_255_cov_0.820225	1	255	2	255	100	1.17647	30	60
NODE_1879_length_255_cov_0.820225	1	255	2	255	100	1.17647	30	60
NODE_1880_length_255_cov_0.820225	1	255	2	255	100	1.17647	30	60
NODE_1881_length_255_cov_0.820225	1	255	2	255	100	1.17647	30	60
NODE_1882_length_255_cov_0.820225	1	255	2	255	100	1.17647	30	60
NODE_1883_length_255_cov_0.820225	1	255	2	255	100	1.17647	30	60
NODE_1884_length_255_cov_0.820225	1	255	2	255	100	1.17647	30	60
NODE_1885_length_255_cov_0.820225	1	255	2	255	100	1.17647	30	60
NODE_1886_length_255_cov_0.820225	1	255	2	255	100	1.17647	30	60
NODE_1887_length_255_cov_0.820225	1	255	2	255	100	1.17647	30	60
NODE_1888_length_255_cov_0.820225	1	255	2	255	100	1.17647	30	60
NODE_1889_length_255_cov_0.820225	1	255	2	255	100	1.17647	30	60
NODE_1890_length_255_cov_0.820225	1	255	2	255	100	1.17647	30	60
NODE_1891_length_255_cov_0.820225	1	255	2	255	100	1.17647	30	60
NODE_1892_length_255_cov_0.820225	1	255	2	255	100	1.17647	30	60
NODE_1893_length_255_cov_0.820225	1	255	2	255	100	1.17647	30	60
NODE_1894_length_255_cov_0.820225	1	255	2	255	100	1.17647	30	60
NODE_1895_length_255_cov_0.820225	1	255	2	255	100	1.17647	30	60
NODE_1896_length_255_cov_0.820225	1	255	2	255	100	1.17647	30	60
NODE_1897_length_255_cov_0.820225	1	255	2	255	100	1.17647	30	60
NODE_1898_length_255_cov_0.820225	1	255	2	255	100	1.17647	30	60
NODE_1899_length_255_cov_0.820225	1	255	2	255	100	1.17647	30	60
NODE_1900_length_255_cov_0.820225	1	255	2	255	100	1.17647	30	60
NODE_1901_length_255_cov_0.820225	1	255	2	255	100	1.17647	30	60
NODE_1902_length_255_cov_0.820225	1	255	2	255	100	1.17647	30	60
NODE_1903_length_255_cov_0.820225	1	255	2	255	100	1.17647	30	60
NODE_1904_length_255_cov_0.820225	1	255	2	255	100	1.17647	30	60
NODE_1905_length_255_cov_0.820225	1	255	2	255	100	1.17647	30	60
NODE_1906_length_255_cov_0.820225	1	255	2	255	100	1.17647	30	60
NODE_1907_length_255_cov_0.820225	1	255	2	255	100	1.17647	30	60
NODE_1908_length_255_cov_0.820225	1	255	2	255	100	1.17647	30	60
NODE_1909_length_255_cov_0.820225	1	255	2	255	100	1.17647	30	60
NODE_1910_length_255_cov_0.820225	1	255	2	255	100	1.17647	30	60
NODE_1911_length_255_cov_0.820225	1	255	2	255	100	1.17647	30	60
NODE_1912_length_255_cov_0.820225	1	255	2	255	100	1.17647	30	60
NODE_1913_length_255_cov_0.808989	1	255	2	255	100	1.17647	30	60
NODE_1914_length_255_cov_0.808989	1	255	2	255	100	1.17647	30	60
NODE_1915_length_255_cov_0.764045	1	255	3	255	100	1.47451	30	60
NODE_1916_length_255_cov_0.713483	1	255	2	255	100	1.17647	30	60
NODE_1917_length_255_cov_0.713483	1	255	2	255	100	1.17647	30	60
NODE_1918_length_255_cov_0.691011	1	255	2	255	100	1.17647	30	60
NODE_1919_length_254_cov_4.378531	1	254	11	254	100	6.38583	30	58.9
NODE_1920_length_254_cov_2.474576	1	254	6	254	100	3.54331	30	60
NODE_1921_length_254_cov_2.474576	1	254	6	254	100	3.54331	30	60
NODE_1922_length_254_cov_2.474576	1	254	6	254	100	3.54331	30	60
NODE_1923_length_254_cov_2.474576	1	254	6	254	100	3.54331	30	60
NODE_1924_length_254_cov_2.316384	1	254	6	254	100	3.54331	30	60
NODE_1925_length_254_cov_1.649718	1	254	4	254	100	2.3622	30	60
NODE_1926_length_254_cov_1.649718	1	254	4	254	100	2.3622	30	60
NODE_1927_length_254_cov_1.649718	1	254	4	254	100	2.3622	30	60
NODE_1928_length_254_cov_1.649718	1	254	4	254	100	2.3622	30	60
NODE_1929_length_254_cov_1.649718	1	254	4	254	100	2.3622	30	60
NODE_1930_length_254_cov_1.649718	1	254	4	254	100	2.3622	30	60
NODE_1931_length_254_cov_1.649718	1	254	4	254	100	2.3622	30	60
NODE_1932_length_254_cov_1.649718	1	254	4	254	100	2.3622	30	60
NODE_1933_length_254_cov_1.649718	1	254	4	254	100	2.3622	30	60
NODE_1934_length_254_cov_1.649718	1	254	4	254	100	2.3622	30	60
NODE_1935_length_254_cov_1.587571	1	254	6	254	100	2.72441	30	41
NODE_1936_length_254_cov_1.570621	1	254	4	254	100	2.3622	30	60
NODE_1937_length_254_cov_1.423729	1	254	4	254	100	2.3622	30	60
NODE_1938_length_254_cov_1.129944	1	254	12	254	100	4.62598	30	36.3
NODE_1939_length_254_cov_0.824859	1	254	2	254	100	1.1811	30	60
NODE_1940_length_254_cov_0.824859	1	254	2	254	100	1.1811	30	60
NODE_1941_length_254_cov_0.824859	1	254	2	254	100	1.1811	30	60
NODE_1942_length_254_cov_0.824859	1	254	2	254	100	1.1811	30	60
NODE_1943_length_254_cov_0.824859	1	254	2	254	100	1.1811	30	60
NODE_1944_length_254_cov_0.824859	1	254	2	254	100	1.1811	30	60
NODE_1945_length_254_cov_0.824859	1	254	2	254	100	1.1811	30	60
NODE_1946_length_254_cov_0.824859	1	254	2	254	100	1.1811	30	60
NODE_1947_length_254_cov_0.824859	1	254	2	254	100	1.1811	30	60
NODE_1948_length_254_cov_0.824859	1	254	2	254	100	1.1811	30	60
NODE_1949_length_254_cov_0.824859	1	254	2	254	100	1.1811	30	60
NODE_1950_length_254_cov_0.824859	1	254	2	254	100	1.1811	30	60
NODE_1951_length_254_cov_0.824859	1	254	2	254	100	1.1811	30	60
NODE_1952_length_254_cov_0.824859	1	254	2	254	100	1.1811	30	60
NODE_1953_length_254_cov_0.824859	1	254	2	254	100	1.1811	30	60
NODE_1954_length_254_cov_0.824859	1	254	2	254	100	1.1811	30	60
NODE_1955_length_254_cov_0.824859	1	254	2	254	100	1.1811	30	60
NODE_1956_length_254_cov_0.824859	1	254	2	254	100	1.1811	30	60
NODE_1957_length_254_cov_0.824859	1	254	2	254	100	1.1811	30	60
NODE_1958_length_254_cov_0.824859	1	254	2	254	100	1.1811	30	60
NODE_1959_length_254_cov_0.824859	1	254	2	254	100	1.1811	30	60
NODE_1960_length_254_cov_0.824859	1	254	2	254	100	1.1811	30	60
NODE_1961_length_254_cov_0.824859	1	254	2	254	100	1.1811	30	60
NODE_1962_length_254_cov_0.824859	1	254	2	254	100	1.1811	30	60
NODE_1963_length_254_cov_0.824859	1	254	2	254	100	1.1811	30	60
NODE_1964_length_254_cov_0.824859	1	254	2	254	100	1.1811	30	60
NODE_1965_length_254_cov_0.824859	1	254	2	254	100	1.1811	30	60
NODE_1966_length_254_cov_0.824859	1	254	2	254	100	1.1811	30	60
NODE_1967_length_254_cov_0.824859	1	254	2	254	100	1.1811	30	60
NODE_1968_length_254_cov_0.824859	1	254	2	254	100	1.1811	30	60
NODE_1969_length_254_cov_0.824859	1	254	2	254	100	1.1811	30	60
NODE_1970_length_254_cov_0.824859	1	254	2	254	100	1.1811	30	60
NODE_1971_length_254_cov_0.824859	1	254	2	254	100	1.1811	30	60
NODE_1972_length_254_cov_0.824859	1	254	2	254	100	1.1811	30	60
NODE_1973_length_254_cov_0.824859	1	254	2	254	100	1.1811	30	60
NODE_1974_length_254_cov_0.824859	1	254	2	254	100	1.1811	30	60
NODE_1975_length_254_cov_0.824859	1	254	2	254	100	1.1811	30	60
NODE_1976_length_254_cov_0.824859	1	254	2	254	100	1.1811	30	60
NODE_1977_length_254_cov_0.824859	1	254	2	254	100	1.1811	30	60
NODE_1978_length_254_cov_0.824859	1	254	2	254	100	1.1811	30	60
NODE_1979_length_254_cov_0.824859	1	254	2	254	100	1.1811	30	60
NODE_1980_length_254_cov_0.824859	1	254	2	254	100	1.1811	30	60
NODE_1981_length_254_cov_0.824859	1	254	2	254	100	1.1811	30	60
NODE_1982_length_254_cov_0.824859	1	254	2	254	100	1.1811	30	60
NODE_1983_length_254_cov_0.824859	1	254	2	254	100	1.1811	30	60
NODE_1984_length_254_cov_0.824859	1	254	2	254	100	1.1811	30	60
NODE_1985_length_254_cov_0.824859	1	254	2	254	100	1.1811	30	60
NODE_1986_length_254_cov_0.824859	1	254	2	254	100	1.1811	30	60
NODE_1987_length_254_cov_0.824859	1	254	2	252	99.2126	1.1811	30	60
NODE_1988_length_254_cov_0.824859	1	254	2	254	100	1.1811	30	60
NODE_1989_length_254_cov_0.824859	1	254	2	254	100	1.1811	30	60
NODE_1990_length_254_cov_0.813559	1	254	2	254	100	1.1811	30	60
NODE_1991_length_254_cov_0.802260	1	254	2	254	100	1.16535	30	60
NODE_1992_length_254_cov_0.768362	1	254	2	254	100	1.1811	30	60
NODE_1993_length_253_cov_2.488636	1	253	6	253	100	3.55731	30	60
NODE_1994_length_253_cov_1.659091	1	253	4	253	100	2.37154	30	60
NODE_1995_length_253_cov_1.659091	1	253	4	253	100	2.37154	30	60
NODE_1996_length_253_cov_1.659091	1	253	4	253	100	2.37154	30	60
NODE_1997_length_253_cov_1.659091	1	253	4	253	100	2.37154	30	60
NODE_1998_length_253_cov_1.659091	1	253	4	253	100	2.37154	30	60
NODE_1999_length_253_cov_1.659091	1	253	4	253	100	2.37154	30	60
NODE_2000_length_253_cov_1.659091	1	253	4	253	100	2.37154	30	60
NODE_2001_length_253_cov_1.659091	1	253	4	253	100	2.37154	30	60
NODE_2002_length_253_cov_1.659091	1	253	4	253	100	2.37154	30	60
NODE_2003_length_253_cov_1.659091	1	253	4	253	100	2.37154	30	60
NODE_2004_length_253_cov_1.659091	1	253	4	253	100	2.37154	30	60
NODE_2005_length_253_cov_1.659091	1	253	4	253	100	2.37154	30	60
NODE_2006_length_253_cov_1.659091	1	253	4	253	100	2.37154	30	60
NODE_2007_length_253_cov_1.659091	1	253	4	253	100	2.37154	30	60
NODE_2008_length_253_cov_1.642045	1	253	4	253	100	2.37154	30	60
NODE_2009_length_253_cov_1.636364	1	253	4	253	100	2.35573	30	60
NODE_2010_length_253_cov_1.528409	1	253	4	253	100	2.37154	30	60
NODE_2011_length_253_cov_1.318182	1	253	4	253	100	2.35968	30	60
NODE_2012_length_253_cov_0.863636	1	253	4	253	100	2.37154	30	60
NODE_2013_length_253_cov_0.829545	1	253	2	253	100	1.18577	30	60
NODE_2014_length_253_cov_0.829545	1	253	2	253	100	1.18577	30	60
NODE_2015_length_253_cov_0.829545	1	253	2	253	100	1.18577	30	60
NODE_2016_length_253_cov_0.829545	1	253	2	253	100	1.18577	30	60
NODE_2017_length_253_cov_0.829545	1	253	2	253	100	1.18577	30	60
NODE_2018_length_253_cov_0.829545	1	253	2	253	100	1.18577	30	60
NODE_2019_length_253_cov_0.829545	1	253	2	253	100	1.18577	30	60
NODE_2020_length_253_cov_0.829545	1	253	2	253	100	1.18577	30	60
NODE_2021_length_253_cov_0.829545	1	253	2	253	100	1.18577	30	60
NODE_2022_length_253_cov_0.829545	1	253	2	253	100	1.18577	30	60
NODE_2023_length_253_cov_0.829545	1	253	2	253	100	1.18577	30	60
NODE_2024_length_253_cov_0.829545	1	253	2	253	100	1.18577	30	60
NODE_2025_length_253_cov_0.829545	1	253	2	253	100	1.18577	30	60
NODE_2026_length_253_cov_0.829545	1	253	2	253	100	1.18577	30	60
NODE_2027_length_253_cov_0.829545	1	253	2	253	100	1.18577	30	60
NODE_2028_length_253_cov_0.829545	1	253	2	253	100	1.18577	30	60
NODE_2029_length_253_cov_0.829545	1	253	2	253	100	1.18577	30	60
NODE_2030_length_253_cov_0.829545	1	253	2	253	100	1.18577	30	60
NODE_2031_length_253_cov_0.829545	1	253	2	253	100	1.18577	30	60
NODE_2032_length_253_cov_0.829545	1	253	2	253	100	1.18577	30	60
NODE_2033_length_253_cov_0.829545	1	253	2	253	100	1.18577	30	60
NODE_2034_length_253_cov_0.829545	1	253	2	253	100	1.18577	30	60
NODE_2035_length_253_cov_0.829545	1	253	2	253	100	1.18577	30	60
NODE_2036_length_253_cov_0.829545	1	253	2	253	100	1.18577	30	60
NODE_2037_length_253_cov_0.829545	1	253	2	253	100	1.18577	30	60
NODE_2038_length_253_cov_0.829545	1	253	2	253	100	1.18577	30	60
NODE_2039_length_253_cov_0.829545	1	253	2	253	100	1.18577	30	60
NODE_2040_length_253_cov_0.829545	1	253	2	253	100	1.18577	30	60
NODE_2041_length_253_cov_0.829545	1	253	2	253	100	1.18577	30	60
NODE_2042_length_253_cov_0.829545	1	253	2	253	100	1.18577	30	60
NODE_2043_length_253_cov_0.829545	1	253	2	253	100	1.18577	30	60
NODE_2044_length_253_cov_0.829545	1	253	2	253	100	1.18577	30	60
NODE_2045_length_253_cov_0.829545	1	253	2	253	100	1.18577	30	60
NODE_2046_length_253_cov_0.829545	1	253	2	253	100	1.18577	30	60
NODE_2047_length_253_cov_0.829545	1	253	2	253	100	1.18577	30	60
NODE_2048_length_253_cov_0.829545	1	253	2	253	100	1.18577	30	60
NODE_2049_length_253_cov_0.829545	1	253	2	253	100	1.18577	30	60
NODE_2050_length_253_cov_0.829545	1	253	2	253	100	1.18577	30	60
NODE_2051_length_253_cov_0.829545	1	253	2	253	100	1.18577	30	60
NODE_2052_length_253_cov_0.829545	1	253	2	253	100	1.18577	30	60
NODE_2053_length_253_cov_0.829545	1	253	2	253	100	1.18577	30	60
NODE_2054_length_253_cov_0.829545	1	253	2	253	100	1.18577	30	60
NODE_2055_length_253_cov_0.829545	1	253	2	253	100	1.18577	30	60
NODE_2056_length_253_cov_0.829545	1	253	2	253	100	1.18577	30	60
NODE_2057_length_253_cov_0.829545	1	253	2	253	100	1.18577	30	60
NODE_2058_length_253_cov_0.829545	1	253	2	253	100	1.18577	30	60
NODE_2059_length_253_cov_0.829545	1	253	2	253	100	1.18577	30	60
NODE_2060_length_253_cov_0.829545	1	253	2	253	100	1.18577	30	60
NODE_2061_length_253_cov_0.829545	1	253	2	253	100	1.18577	30	60
NODE_2062_length_253_cov_0.829545	1	253	2	253	100	1.18577	30	60
NODE_2063_length_253_cov_0.795455	1	253	2	253	100	1.18577	30	60
NODE_2064_length_253_cov_0.778409	1	253	2	253	100	1.18577	30	60
NODE_2065_length_253_cov_0.732955	1	253	2	253	100	1.18577	30	60
NODE_2066_length_253_cov_0.704545	1	253	2	253	100	1.18577	30	60
NODE_2067_length_252_cov_2.502857	1	252	6	252	100	3.57143	30	60
NODE_2068_length_252_cov_2.502857	1	252	6	252	100	3.57143	30	60
NODE_2069_length_252_cov_1.914286	1	252	6	252	100	3.56746	30	60
NODE_2070_length_252_cov_1.668571	1	252	4	252	100	2.38095	30	60
NODE_2071_length_252_cov_1.668571	1	252	4	252	100	2.38095	30	60
NODE_2072_length_252_cov_1.668571	1	252	4	252	100	2.38095	30	60
NODE_2073_length_252_cov_1.668571	1	252	4	252	100	2.38095	30	60
NODE_2074_length_252_cov_1.668571	1	252	4	252	100	2.38095	30	60
NODE_2075_length_252_cov_1.668571	1	252	4	252	100	2.38095	30	60
NODE_2076_length_252_cov_1.668571	1	252	4	252	100	2.38095	30	60
NODE_2077_length_252_cov_1.668571	1	252	4	252	100	2.38095	30	60
NODE_2078_length_252_cov_1.668571	1	252	4	252	100	2.38095	30	60
NODE_2079_length_252_cov_1.668571	1	252	4	252	100	2.38095	30	60
NODE_2080_length_252_cov_1.668571	1	252	4	252	100	2.38095	30	60
NODE_2081_length_252_cov_1.668571	1	252	4	252	100	2.38095	30	60
NODE_2082_length_252_cov_1.668571	1	252	4	252	100	2.38095	30	60
NODE_2083_length_252_cov_1.668571	1	252	4	252	100	2.38095	30	60
NODE_2084_length_252_cov_1.457143	1	252	4	252	100	2.37302	30	60
NODE_2085_length_252_cov_1.308571	1	252	4	252	100	2.38095	30	60
NODE_2086_length_252_cov_0.994286	1	252	3	252	100	1.60714	30	56
NODE_2087_length_252_cov_0.834286	1	252	2	252	100	1.19048	30	60
NODE_2088_length_252_cov_0.834286	1	252	2	252	100	1.19048	30	60
NODE_2089_length_252_cov_0.834286	1	252	2	252	100	1.19048	30	60
NODE_2090_length_252_cov_0.834286	1	252	2	252	100	1.19048	30	60
NODE_2091_length_252_cov_0.834286	1	252	2	252	100	1.19048	30	60
NODE_2092_length_252_cov_0.834286	1	252	2	252	100	1.19048	30	60
NODE_2093_length_252_cov_0.834286	1	252	2	252	100	1.19048	30	60
NODE_2094_length_252_cov_0.834286	1	252	2	252	100	1.19048	30	60
NODE_2095_length_252_cov_0.834286	1	252	2	252	100	1.19048	30	60
NODE_2096_length_252_cov_0.834286	1	252	2	252	100	1.19048	30	60
NODE_2097_length_252_cov_0.834286	1	252	2	252	100	1.19048	30	60
NODE_2098_length_252_cov_0.834286	1	252	2	252	100	1.19048	30	60
NODE_2099_length_252_cov_0.834286	1	252	2	252	100	1.19048	30	60
NODE_2100_length_252_cov_0.834286	1	252	2	252	100	1.19048	30	60
NODE_2101_length_252_cov_0.834286	1	252	2	252	100	1.19048	30	60
NODE_2102_length_252_cov_0.834286	1	252	2	252	100	1.19048	30	60
NODE_2103_length_252_cov_0.834286	1	252	2	252	100	1.19048	30	60
NODE_2104_length_252_cov_0.834286	1	252	2	252	100	1.19048	30	60
NODE_2105_length_252_cov_0.834286	1	252	2	252	100	1.19048	30	60
NODE_2106_length_252_cov_0.834286	1	252	2	252	100	1.19048	30	60
NODE_2107_length_252_cov_0.834286	1	252	2	252	100	1.19048	30	60
NODE_2108_length_252_cov_0.834286	1	252	2	252	100	1.19048	30	60
NODE_2109_length_252_cov_0.834286	1	252	2	252	100	1.19048	30	60
NODE_2110_length_252_cov_0.834286	1	252	2	252	100	1.19048	30	60
NODE_2111_length_252_cov_0.834286	1	252	2	252	100	1.19048	30	60
NODE_2112_length_252_cov_0.834286	1	252	2	252	100	1.19048	30	60
NODE_2113_length_252_cov_0.834286	1	252	2	252	100	1.19048	30	60
NODE_2114_length_252_cov_0.834286	1	252	2	252	100	1.19048	30	60
NODE_2115_length_252_cov_0.834286	1	252	2	252	100	1.19048	30	60
NODE_2116_length_252_cov_0.834286	1	252	2	252	100	1.19048	30	60
NODE_2117_length_252_cov_0.834286	1	252	2	252	100	1.19048	30	60
NODE_2118_length_252_cov_0.834286	1	252	2	252	100	1.19048	30	60
NODE_2119_length_252_cov_0.834286	1	252	2	252	100	1.19048	30	60
NODE_2120_length_252_cov_0.834286	1	252	2	252	100	1.19048	30	60
NODE_2121_length_252_cov_0.834286	1	252	2	252	100	1.19048	30	60
NODE_2122_length_252_cov_0.834286	1	252	2	252	100	1.19048	30	60
NODE_2123_length_252_cov_0.834286	1	252	2	252	100	1.19048	30	60
NODE_2124_length_252_cov_0.834286	1	252	2	252	100	1.19048	30	60
NODE_2125_length_252_cov_0.834286	1	252	2	252	100	1.19048	30	60
NODE_2126_length_252_cov_0.834286	1	252	2	252	100	1.19048	30	60
NODE_2127_length_252_cov_0.834286	1	252	2	252	100	1.19048	30	60
NODE_2128_length_252_cov_0.834286	1	252	2	252	100	1.19048	30	60
NODE_2129_length_252_cov_0.834286	1	252	2	252	100	1.19048	30	60
NODE_2130_length_252_cov_0.834286	1	252	2	252	100	1.19048	30	60
NODE_2131_length_252_cov_0.800000	1	252	2	252	100	1.19048	30	60
NODE_2132_length_252_cov_0.771429	1	252	2	252	100	1.19048	30	60
NODE_2133_length_252_cov_0.765714	1	252	2	252	100	1.19048	30	60
NODE_2134_length_252_cov_0.748571	1	252	2	252	100	1.19048	30	60
NODE_2135_length_252_cov_0.737143	1	252	2	252	100	1.19048	30	60
NODE_2136_length_252_cov_0.731429	1	252	2	252	100	1.19048	30	60
NODE_2137_length_252_cov_0.691429	1	252	3	252	100	1.36508	30	58.3
NODE_2138_length_252_cov_0.617143	1	252	4	252	100	2.07143	30	57.5
NODE_2139_length_251_cov_1.678161	1	251	4	251	100	2.39044	30	60
NODE_2140_length_251_cov_1.678161	1	251	4	251	100	2.39044	30	60
NODE_2141_length_251_cov_1.678161	1	251	4	251	100	2.39044	30	60
NODE_2142_length_251_cov_1.678161	1	251	4	251	100	2.39044	30	60
NODE_2143_length_251_cov_1.678161	1	251	4	251	100	2.39044	30	60
NODE_2144_length_251_cov_1.678161	1	251	4	251	100	2.39044	30	60
NODE_2145_length_251_cov_1.678161	1	251	4	251	100	2.39044	30	60
NODE_2146_length_251_cov_1.482759	1	251	4	251	100	2.39044	30	60
NODE_2147_length_251_cov_1.390805	1	251	4	251	100	2.39044	30	60
NODE_2148_length_251_cov_1.367816	1	251	4	251	100	2.39044	30	60
NODE_2149_length_251_cov_1.339080	1	251	4	251	100	2.39044	30	60
NODE_2150_length_251_cov_1.270115	1	251	8	251	100	3.04382	30	30.2
NODE_2151_length_251_cov_1.258621	1	251	4	251	100	2.39044	30	60
NODE_2152_length_251_cov_0.839080	1	251	2	251	100	1.19522	30	60
NODE_2153_length_251_cov_0.839080	1	251	2	251	100	1.19522	30	60
NODE_2154_length_251_cov_0.839080	1	251	2	251	100	1.19522	30	60
NODE_2155_length_251_cov_0.839080	1	251	2	251	100	1.19522	30	60
NODE_2156_length_251_cov_0.839080	1	251	2	251	100	1.19522	30	60
NODE_2157_length_251_cov_0.839080	1	251	2	251	100	1.19522	30	60
NODE_2158_length_251_cov_0.839080	1	251	2	251	100	1.19522	30	60
NODE_2159_length_251_cov_0.839080	1	251	2	251	100	1.19522	30	60
NODE_2160_length_251_cov_0.839080	1	251	2	251	100	1.19522	30	60
NODE_2161_length_251_cov_0.839080	1	251	2	251	100	1.19522	30	60
NODE_2162_length_251_cov_0.839080	1	251	2	251	100	1.19522	30	60
NODE_2163_length_251_cov_0.839080	1	251	2	251	100	1.19522	30	60
NODE_2164_length_251_cov_0.839080	1	251	2	251	100	1.19522	30	60
NODE_2165_length_251_cov_0.839080	1	251	6	251	100	1.72112	30	24.7
NODE_2166_length_251_cov_0.839080	1	251	2	251	100	1.19522	30	60
NODE_2167_length_251_cov_0.839080	1	251	2	251	100	1.19522	30	60
NODE_2168_length_251_cov_0.839080	1	251	2	251	100	1.19522	30	60
NODE_2169_length_251_cov_0.839080	1	251	2	251	100	1.19522	30	60
NODE_2170_length_251_cov_0.839080	1	251	6	251	100	1.61753	30	20.8
NODE_2171_length_251_cov_0.839080	1	251	2	251	100	1.19522	30	60
NODE_2172_length_251_cov_0.839080	1	251	2	251	100	1.19522	30	60
NODE_2173_length_251_cov_0.839080	1	251	2	251	100	1.19522	30	60
NODE_2174_length_251_cov_0.839080	1	251	2	251	100	1.19522	30	60
NODE_2175_length_251_cov_0.839080	1	251	2	251	100	1.19522	30	60
NODE_2176_length_251_cov_0.839080	1	251	2	251	100	1.19522	30	60
NODE_2177_length_251_cov_0.839080	1	251	2	251	100	1.19522	30	60
NODE_2178_length_251_cov_0.839080	1	251	2	251	100	1.19522	30	60
NODE_2179_length_251_cov_0.839080	1	251	2	251	100	1.19522	30	60
NODE_2180_length_251_cov_0.839080	1	251	2	251	100	1.19522	30	60
NODE_2181_length_251_cov_0.839080	1	251	2	251	100	1.19522	30	60
NODE_2182_length_251_cov_0.839080	1	251	2	251	100	1.19522	30	60
NODE_2183_length_251_cov_0.839080	1	251	2	251	100	1.19522	30	60
NODE_2184_length_251_cov_0.839080	1	251	2	251	100	1.19522	30	60
NODE_2185_length_251_cov_0.839080	1	251	2	251	100	1.19522	30	60
NODE_2186_length_251_cov_0.839080	1	251	2	251	100	1.19522	30	60
NODE_2187_length_251_cov_0.839080	1	251	2	251	100	1.19522	30	60
NODE_2188_length_251_cov_0.839080	1	251	2	251	100	1.19522	30	60
NODE_2189_length_251_cov_0.839080	1	251	2	251	100	1.19522	30	60
NODE_2190_length_251_cov_0.839080	1	251	2	251	100	1.19522	30	60
NODE_2191_length_251_cov_0.839080	1	251	2	251	100	1.19522	30	60
NODE_2192_length_251_cov_0.839080	1	251	2	251	100	1.19522	30	60
NODE_2193_length_251_cov_0.839080	1	251	2	251	100	1.19522	30	60
NODE_2194_length_251_cov_0.839080	1	251	2	251	100	1.19522	30	60
NODE_2195_length_251_cov_0.839080	1	251	2	251	100	1.19522	30	60
NODE_2196_length_251_cov_0.839080	1	251	2	251	100	1.19522	30	60
NODE_2197_length_251_cov_0.839080	1	251	2	251	100	1.19522	30	60
NODE_2198_length_251_cov_0.839080	1	251	2	251	100	1.19522	30	60
NODE_2199_length_251_cov_0.839080	1	251	2	251	100	1.19522	30	60
NODE_2200_length_251_cov_0.839080	1	251	2	251	100	1.19522	30	60
NODE_2201_length_251_cov_0.839080	1	251	2	251	100	1.19522	30	60
NODE_2202_length_251_cov_0.839080	1	251	2	251	100	1.19522	30	60
NODE_2203_length_251_cov_0.839080	1	251	2	251	100	1.19522	30	60
NODE_2204_length_251_cov_0.839080	1	251	2	251	100	1.19522	30	60
NODE_2205_length_251_cov_0.833333	1	251	2	251	100	1.19522	30	60
NODE_2206_length_251_cov_0.810345	1	251	2	251	100	1.19522	30	60
NODE_2207_length_251_cov_0.764368	1	251	2	251	100	1.19522	30	60
NODE_2208_length_250_cov_3.375723	1	250	8	250	100	4.8	30	60
NODE_2209_length_250_cov_3.352601	1	250	8	250	100	4.8	30	60
NODE_2210_length_250_cov_2.531792	1	250	6	250	100	3.6	30	60
NODE_2211_length_250_cov_2.514451	1	250	6	250	100	3.6	30	60
NODE_2212_length_250_cov_2.156069	1	250	12	250	100	4.392	30	32.8
NODE_2213_length_250_cov_1.687861	1	250	27	250	100	8.508	30	13.8
NODE_2214_length_250_cov_1.687861	1	250	4	250	100	2.4	30	60
NODE_2215_length_250_cov_1.687861	1	250	4	250	100	2.4	30	60
NODE_2216_length_250_cov_1.687861	1	250	4	246	98.4	2.4	30	60
NODE_2217_length_250_cov_1.687861	1	250	4	250	100	2.4	30	60
NODE_2218_length_250_cov_1.687861	1	250	4	250	100	2.4	30	60
NODE_2219_length_250_cov_1.687861	1	250	4	250	100	2.4	30	60
NODE_2220_length_250_cov_1.687861	1	250	4	250	100	2.4	30	60
NODE_2221_length_250_cov_1.687861	1	250	4	250	100	2.4	30	60
NODE_2222_length_250_cov_1.687861	1	250	4	250	100	2.4	30	60
NODE_2223_length_250_cov_1.687861	1	250	4	250	100	2.4	30	60
NODE_2224_length_250_cov_1.676301	1	250	4	250	100	2.4	30	60
NODE_2225_length_250_cov_1.265896	1	250	3	250	100	1.8	30	60
NODE_2226_length_250_cov_0.843931	1	250	2	250	100	1.2	30	60
NODE_2227_length_250_cov_0.843931	1	250	2	250	100	1.2	30	60
NODE_2228_length_250_cov_0.843931	1	250	2	250	100	1.2	30	60
NODE_2229_length_250_cov_0.843931	1	250	2	250	100	1.2	30	60
NODE_2230_length_250_cov_0.843931	1	250	2	250	100	1.2	30	60
NODE_2231_length_250_cov_0.843931	1	250	2	250	100	1.2	30	60
NODE_2232_length_250_cov_0.843931	1	250	2	250	100	1.2	30	60
NODE_2233_length_250_cov_0.843931	1	250	2	250	100	1.2	30	60
NODE_2234_length_250_cov_0.843931	1	250	2	250	100	1.2	30	60
NODE_2235_length_250_cov_0.843931	1	250	2	250	100	1.2	30	60
NODE_2236_length_250_cov_0.843931	1	250	2	250	100	1.2	30	60
NODE_2237_length_250_cov_0.843931	1	250	2	250	100	1.2	30	60
NODE_2238_length_250_cov_0.843931	1	250	2	250	100	1.2	30	60
NODE_2239_length_250_cov_0.843931	1	250	2	250	100	1.2	30	60
NODE_2240_length_250_cov_0.843931	1	250	2	250	100	1.2	30	60
NODE_2241_length_250_cov_0.843931	1	250	2	250	100	1.2	30	60
NODE_2242_length_250_cov_0.843931	1	250	2	250	100	1.2	30	60
NODE_2243_length_250_cov_0.843931	1	250	2	250	100	1.2	30	60
NODE_2244_length_250_cov_0.843931	1	250	2	250	100	1.2	30	60
NODE_2245_length_250_cov_0.843931	1	250	2	250	100	1.2	30	60
NODE_2246_length_250_cov_0.843931	1	250	2	250	100	1.2	30	60
NODE_2247_length_250_cov_0.843931	1	250	2	250	100	1.2	30	60
NODE_2248_length_250_cov_0.843931	1	250	2	250	100	1.2	30	60
NODE_2249_length_250_cov_0.843931	1	250	2	250	100	1.2	30	60
NODE_2250_length_250_cov_0.843931	1	250	2	250	100	1.2	30	60
NODE_2251_length_250_cov_0.843931	1	250	2	250	100	1.2	30	60
NODE_2252_length_250_cov_0.843931	1	250	2	250	100	1.2	30	60
NODE_2253_length_250_cov_0.843931	1	250	2	250	100	1.2	30	60
NODE_2254_length_250_cov_0.843931	1	250	2	250	100	1.2	30	60
NODE_2255_length_250_cov_0.843931	1	250	2	250	100	1.2	30	60
NODE_2256_length_250_cov_0.843931	1	250	2	250	100	1.2	30	60
NODE_2257_length_250_cov_0.843931	1	250	2	250	100	1.2	30	60
NODE_2258_length_250_cov_0.843931	1	250	2	250	100	1.2	30	60
NODE_2259_length_250_cov_0.843931	1	250	2	250	100	1.2	30	60
NODE_2260_length_250_cov_0.843931	1	250	2	250	100	1.2	30	60
NODE_2261_length_250_cov_0.843931	1	250	2	250	100	1.2	30	60
NODE_2262_length_250_cov_0.843931	1	250	2	250	100	1.2	30	60
NODE_2263_length_250_cov_0.843931	1	250	2	250	100	1.2	30	60
NODE_2264_length_250_cov_0.843931	1	250	2	250	100	1.2	30	60
NODE_2265_length_250_cov_0.843931	1	250	2	250	100	1.2	30	60
NODE_2266_length_250_cov_0.843931	1	250	2	250	100	1.2	30	60
NODE_2267_length_250_cov_0.843931	1	250	2	250	100	1.2	30	60
NODE_2268_length_250_cov_0.843931	1	250	2	250	100	1.2	30	60
NODE_2269_length_250_cov_0.843931	1	250	2	250	100	1.2	30	60
NODE_2270_length_250_cov_0.843931	1	250	2	250	100	1.2	30	60
NODE_2271_length_250_cov_0.843931	1	250	2	250	100	1.2	30	60
NODE_2272_length_250_cov_0.843931	1	250	2	250	100	1.2	30	60
NODE_2273_length_250_cov_0.843931	1	250	2	250	100	1.2	30	60
NODE_2274_length_250_cov_0.843931	1	250	2	250	100	1.2	30	60
NODE_2275_length_250_cov_0.843931	1	250	2	250	100	1.2	30	60
NODE_2276_length_250_cov_0.838150	1	250	2	250	100	1.2	30	60
NODE_2277_length_250_cov_0.786127	1	250	2	250	100	1.2	30	60
NODE_2278_length_250_cov_0.763006	1	250	2	250	100	1.2	30	60
NODE_2279_length_250_cov_0.728324	1	250	2	250	100	1.148	30	60
NODE_2280_length_250_cov_0.710983	1	250	2	250	100	1.2	30	60
NODE_2281_length_249_cov_5.093023	1	249	12	249	100	7.22892	30	60
NODE_2282_length_249_cov_2.546512	1	249	6	249	100	3.61446	30	60
NODE_2283_length_249_cov_2.546512	1	249	6	249	100	3.61446	30	60
NODE_2284_length_249_cov_1.697674	1	249	4	249	100	2.40964	30	60
NODE_2285_length_249_cov_1.697674	1	249	4	249	100	2.40964	30	60
NODE_2286_length_249_cov_1.697674	1	249	4	249	100	2.40964	30	60
NODE_2287_length_249_cov_1.697674	1	249	4	249	100	2.40964	30	60
NODE_2288_length_249_cov_1.697674	1	249	4	249	100	2.40964	30	60
NODE_2289_length_249_cov_1.697674	1	249	4	249	100	2.40964	30	60
NODE_2290_length_249_cov_1.697674	1	249	4	249	100	2.40964	30	60
NODE_2291_length_249_cov_1.674419	1	249	4	249	100	2.40964	30	60
NODE_2292_length_249_cov_1.529070	1	249	4	249	100	2.40964	30	60
NODE_2293_length_249_cov_1.273256	1	249	4	249	100	2.40964	30	60
NODE_2294_length_249_cov_0.848837	1	249	2	249	100	1.20482	30	60
NODE_2295_length_249_cov_0.848837	1	249	2	249	100	1.20482	30	60
NODE_2296_length_249_cov_0.848837	1	249	2	249	100	1.20482	30	60
NODE_2297_length_249_cov_0.848837	1	249	2	249	100	1.20482	30	60
NODE_2298_length_249_cov_0.848837	1	249	2	249	100	1.20482	30	60
NODE_2299_length_249_cov_0.848837	1	249	2	249	100	1.20482	30	60
NODE_2300_length_249_cov_0.848837	1	249	2	249	100	1.20482	30	60
NODE_2301_length_249_cov_0.848837	1	249	2	249	100	1.20482	30	60
NODE_2302_length_249_cov_0.848837	1	249	2	249	100	1.20482	30	60
NODE_2303_length_249_cov_0.848837	1	249	2	249	100	1.20482	30	60
NODE_2304_length_249_cov_0.848837	1	249	2	249	100	1.20482	30	60
NODE_2305_length_249_cov_0.848837	1	249	2	249	100	1.20482	30	60
NODE_2306_length_249_cov_0.848837	1	249	2	249	100	1.20482	30	60
NODE_2307_length_249_cov_0.848837	1	249	2	249	100	1.20482	30	60
NODE_2308_length_249_cov_0.848837	1	249	2	249	100	1.20482	30	60
NODE_2309_length_249_cov_0.848837	1	249	2	249	100	1.20482	30	60
NODE_2310_length_249_cov_0.848837	1	249	2	249	100	1.20482	30	60
NODE_2311_length_249_cov_0.848837	1	249	2	249	100	1.20482	30	60
NODE_2312_length_249_cov_0.848837	1	249	2	249	100	1.20482	30	60
NODE_2313_length_249_cov_0.848837	1	249	2	249	100	1.20482	30	60
NODE_2314_length_249_cov_0.848837	1	249	2	249	100	1.20482	30	60
NODE_2315_length_249_cov_0.848837	1	249	2	249	100	1.20482	30	60
NODE_2316_length_249_cov_0.848837	1	249	2	249	100	1.20482	30	60
NODE_2317_length_249_cov_0.848837	1	249	2	249	100	1.20482	30	60
NODE_2318_length_249_cov_0.848837	1	249	2	249	100	1.20482	30	60
NODE_2319_length_249_cov_0.848837	1	249	2	249	100	1.20482	30	60
NODE_2320_length_249_cov_0.848837	1	249	2	249	100	1.20482	30	60
NODE_2321_length_249_cov_0.848837	1	249	2	249	100	1.20482	30	60
NODE_2322_length_249_cov_0.848837	1	249	2	249	100	1.20482	30	60
NODE_2323_length_249_cov_0.848837	1	249	2	249	100	1.20482	30	60
NODE_2324_length_249_cov_0.848837	1	249	2	249	100	1.20482	30	60
NODE_2325_length_249_cov_0.848837	1	249	2	249	100	1.20482	30	60
NODE_2326_length_249_cov_0.848837	1	249	2	249	100	1.20482	30	60
NODE_2327_length_249_cov_0.848837	1	249	2	249	100	1.20482	30	60
NODE_2328_length_249_cov_0.848837	1	249	2	249	100	1.20482	30	60
NODE_2329_length_249_cov_0.848837	1	249	2	249	100	1.20482	30	60
NODE_2330_length_249_cov_0.848837	1	249	2	249	100	1.20482	30	60
NODE_2331_length_249_cov_0.848837	1	249	2	249	100	1.20482	30	60
NODE_2332_length_249_cov_0.848837	1	249	2	249	100	1.20482	30	60
NODE_2333_length_249_cov_0.848837	1	249	2	249	100	1.20482	30	60
NODE_2334_length_249_cov_0.848837	1	249	2	249	100	1.20482	30	60
NODE_2335_length_249_cov_0.848837	1	249	2	249	100	1.20482	30	60
NODE_2336_length_249_cov_0.848837	1	249	2	249	100	1.20482	30	60
NODE_2337_length_249_cov_0.848837	1	249	2	249	100	1.20482	30	60
NODE_2338_length_249_cov_0.848837	1	249	2	249	100	1.20482	30	60
NODE_2339_length_249_cov_0.848837	1	249	2	249	100	1.20482	30	60
NODE_2340_length_249_cov_0.848837	1	249	2	249	100	1.20482	30	60
NODE_2341_length_249_cov_0.848837	1	249	2	249	100	1.20482	30	60
NODE_2342_length_249_cov_0.848837	1	249	2	249	100	1.20482	30	60
NODE_2343_length_249_cov_0.848837	1	249	2	249	100	1.20482	30	60
NODE_2344_length_249_cov_0.848837	1	249	2	249	100	1.20482	30	60
NODE_2345_length_249_cov_0.848837	1	249	2	249	100	1.20482	30	60
NODE_2346_length_249_cov_0.843023	1	249	2	249	100	1.20482	30	60
NODE_2347_length_249_cov_0.837209	1	249	2	249	100	1.20482	30	60
NODE_2348_length_249_cov_0.831395	1	249	2	249	100	1.20482	30	60
NODE_2349_length_249_cov_0.802326	1	249	2	249	100	1.20482	30	60
NODE_2350_length_248_cov_10.654971	1	248	42	248	100	19.9597	30	47.7
NODE_2351_length_248_cov_2.561404	1	248	6	248	100	3.62903	30	60
NODE_2352_length_248_cov_2.543860	1	248	6	248	100	3.62903	30	60
NODE_2353_length_248_cov_1.707602	1	248	4	248	100	2.41935	30	60
NODE_2354_length_248_cov_1.707602	1	248	4	248	100	2.41935	30	60
NODE_2355_length_248_cov_1.707602	1	248	4	248	100	2.41935	30	60
NODE_2356_length_248_cov_1.707602	1	248	4	248	100	2.41935	30	60
NODE_2357_length_248_cov_1.707602	1	248	4	248	100	2.41935	30	60
NODE_2358_length_248_cov_1.707602	1	248	4	248	100	2.41935	30	60
NODE_2359_length_248_cov_1.707602	1	248	4	248	100	2.41935	30	60
NODE_2360_length_248_cov_1.707602	1	248	4	248	100	2.41935	30	60
NODE_2361_length_248_cov_1.707602	1	248	4	248	100	2.41935	30	60
NODE_2362_length_248_cov_1.707602	1	248	4	248	100	2.41935	30	60
NODE_2363_length_248_cov_1.707602	1	248	4	248	100	2.41935	30	60
NODE_2364_length_248_cov_1.707602	1	248	4	248	100	2.41935	30	60
NODE_2365_length_248_cov_1.707602	1	248	4	248	100	2.41935	30	60
NODE_2366_length_248_cov_1.707602	1	248	7	248	100	2.82661	30	34.7
NODE_2367_length_248_cov_1.707602	1	248	4	248	100	2.41935	30	60
NODE_2368_length_248_cov_1.707602	1	248	4	248	100	2.41935	30	60
NODE_2369_length_248_cov_1.356725	1	248	4	248	100	2.41935	30	60
NODE_2370_length_248_cov_1.280702	1	248	6	248	100	2.5	30	30.8
NODE_2371_length_248_cov_0.853801	1	248	2	248	100	1.20968	30	60
NODE_2372_length_248_cov_0.853801	1	248	2	248	100	1.20968	30	60
NODE_2373_length_248_cov_0.853801	1	248	2	248	100	1.20968	30	60
NODE_2374_length_248_cov_0.853801	1	248	2	248	100	1.20968	30	60
NODE_2375_length_248_cov_0.853801	1	248	2	248	100	1.20968	30	60
NODE_2376_length_248_cov_0.853801	1	248	2	248	100	1.20968	30	60
NODE_2377_length_248_cov_0.853801	1	248	2	248	100	1.20968	30	60
NODE_2378_length_248_cov_0.853801	1	248	2	248	100	1.20968	30	60
NODE_2379_length_248_cov_0.853801	1	248	2	248	100	1.20968	30	60
NODE_2380_length_248_cov_0.853801	1	248	2	248	100	1.20968	30	60
NODE_2381_length_248_cov_0.853801	1	248	2	248	100	1.20968	30	60
NODE_2382_length_248_cov_0.853801	1	248	2	248	100	1.20968	30	60
NODE_2383_length_248_cov_0.853801	1	248	2	248	100	1.20968	30	60
NODE_2384_length_248_cov_0.853801	1	248	2	248	100	1.20968	30	60
NODE_2385_length_248_cov_0.853801	1	248	2	248	100	1.20968	30	60
NODE_2386_length_248_cov_0.853801	1	248	2	248	100	1.20968	30	60
NODE_2387_length_248_cov_0.853801	1	248	2	248	100	1.20968	30	60
NODE_2388_length_248_cov_0.853801	1	248	2	248	100	1.20968	30	60
NODE_2389_length_248_cov_0.853801	1	248	2	248	100	1.20968	30	60
NODE_2390_length_248_cov_0.853801	1	248	2	248	100	1.20968	30	60
NODE_2391_length_248_cov_0.853801	1	248	2	248	100	1.20968	30	60
NODE_2392_length_248_cov_0.853801	1	248	2	248	100	1.20968	30	60
NODE_2393_length_248_cov_0.853801	1	248	2	248	100	1.20968	30	60
NODE_2394_length_248_cov_0.853801	1	248	2	248	100	1.20968	30	60
NODE_2395_length_248_cov_0.853801	1	248	2	248	100	1.20968	30	60
NODE_2396_length_248_cov_0.853801	1	248	2	248	100	1.20968	30	60
NODE_2397_length_248_cov_0.853801	1	248	2	238	95.9677	1.20968	30	60
NODE_2398_length_248_cov_0.853801	1	248	2	248	100	1.20968	30	60
NODE_2399_length_248_cov_0.853801	1	248	2	248	100	1.20968	30	60
NODE_2400_length_248_cov_0.853801	1	248	2	248	100	1.20968	30	60
NODE_2401_length_248_cov_0.853801	1	248	2	248	100	1.20968	30	60
NODE_2402_length_248_cov_0.853801	1	248	2	248	100	1.20968	30	60
NODE_2403_length_248_cov_0.853801	1	248	2	248	100	1.20968	30	60
NODE_2404_length_248_cov_0.853801	1	248	2	248	100	1.20968	30	60
NODE_2405_length_248_cov_0.853801	1	248	2	248	100	1.20968	30	60
NODE_2406_length_248_cov_0.853801	1	248	2	248	100	1.20968	30	60
NODE_2407_length_248_cov_0.853801	1	248	2	248	100	1.20968	30	60
NODE_2408_length_248_cov_0.853801	1	248	2	248	100	1.20968	30	60
NODE_2409_length_248_cov_0.853801	1	248	2	248	100	1.20968	30	60
NODE_2410_length_248_cov_0.853801	1	248	2	248	100	1.20968	30	60
NODE_2411_length_248_cov_0.853801	1	248	2	248	100	1.20968	30	60
NODE_2412_length_248_cov_0.853801	1	248	2	248	100	1.20968	30	60
NODE_2413_length_248_cov_0.853801	1	248	2	248	100	1.20968	30	60
NODE_2414_length_248_cov_0.853801	1	248	2	248	100	1.20968	30	60
NODE_2415_length_248_cov_0.853801	1	248	2	248	100	1.20968	30	60
NODE_2416_length_248_cov_0.853801	1	248	2	248	100	1.20968	30	60
NODE_2417_length_248_cov_0.853801	1	248	2	248	100	1.20968	30	60
NODE_2418_length_248_cov_0.853801	1	248	2	248	100	1.20968	30	60
NODE_2419_length_248_cov_0.853801	1	248	2	248	100	1.20968	30	60
NODE_2420_length_248_cov_0.853801	1	248	2	248	100	1.20968	30	60
NODE_2421_length_248_cov_0.853801	1	248	2	248	100	1.20968	30	60
NODE_2422_length_248_cov_0.853801	1	248	2	248	100	1.20968	30	60
NODE_2423_length_248_cov_0.853801	1	248	2	248	100	1.20968	30	60
NODE_2424_length_248_cov_0.853801	1	248	2	248	100	1.20968	30	60
NODE_2425_length_248_cov_0.853801	1	248	2	248	100	1.20968	30	60
NODE_2426_length_248_cov_0.853801	1	248	2	248	100	1.20968	30	60
NODE_2427_length_248_cov_0.853801	1	248	2	248	100	1.20968	30	60
NODE_2428_length_248_cov_0.789474	1	248	2	248	100	1.20968	30	60
NODE_2429_length_247_cov_4.035294	1	247	12	247	100	7.26316	30	59
NODE_2430_length_247_cov_2.576471	1	247	10	247	100	5.02834	30	41.6
NODE_2431_length_247_cov_2.576471	1	247	8	247	100	4.02834	30	47.6
NODE_2432_length_247_cov_2.394118	1	247	7	247	100	3.94332	30	56.4
NODE_2433_length_247_cov_1.717647	1	247	4	247	100	2.42915	30	60
NODE_2434_length_247_cov_1.717647	1	247	4	247	100	2.42915	30	60
NODE_2435_length_247_cov_1.717647	1	247	4	247	100	2.42915	30	60
NODE_2436_length_247_cov_1.717647	1	247	4	247	100	2.42915	30	60
NODE_2437_length_247_cov_1.717647	1	247	4	247	100	2.42915	30	60
NODE_2438_length_247_cov_1.717647	1	247	4	247	100	2.42915	30	60
NODE_2439_length_247_cov_1.717647	1	247	4	247	100	2.42915	30	60
NODE_2440_length_247_cov_1.717647	1	247	4	247	100	2.42915	30	60
NODE_2441_length_247_cov_1.717647	1	247	4	247	100	2.42915	30	60
NODE_2442_length_247_cov_1.705882	1	247	4	247	100	2.42915	30	60
NODE_2443_length_247_cov_1.470588	1	247	4	247	100	2.42915	30	60
NODE_2444_length_247_cov_1.147059	1	247	4	247	100	2.42915	30	60
NODE_2445_length_247_cov_1.052941	1	247	8	247	100	3.04858	30	27.8
NODE_2446_length_247_cov_0.858824	1	247	2	247	100	1.21457	30	60
NODE_2447_length_247_cov_0.858824	1	247	2	247	100	1.21457	30	60
NODE_2448_length_247_cov_0.858824	1	247	2	247	100	1.21457	30	60
NODE_2449_length_247_cov_0.858824	1	247	2	247	100	1.21457	30	60
NODE_2450_length_247_cov_0.858824	1	247	2	247	100	1.21457	30	60
NODE_2451_length_247_cov_0.858824	1	247	2	247	100	1.21457	30	60
NODE_2452_length_247_cov_0.858824	1	247	2	247	100	1.21457	30	60
NODE_2453_length_247_cov_0.858824	1	247	2	247	100	1.21457	30	60
NODE_2454_length_247_cov_0.858824	1	247	2	247	100	1.21457	30	60
NODE_2455_length_247_cov_0.858824	1	247	2	247	100	1.21457	30	60
NODE_2456_length_247_cov_0.858824	1	247	2	247	100	1.21457	30	60
NODE_2457_length_247_cov_0.858824	1	247	2	247	100	1.21457	30	60
NODE_2458_length_247_cov_0.858824	1	247	2	247	100	1.21457	30	60
NODE_2459_length_247_cov_0.858824	1	247	2	247	100	1.21457	30	60
NODE_2460_length_247_cov_0.858824	1	247	2	247	100	1.21457	30	60
NODE_2461_length_247_cov_0.858824	1	247	2	247	100	1.21457	30	60
NODE_2462_length_247_cov_0.858824	1	247	2	247	100	1.21457	30	60
NODE_2463_length_247_cov_0.858824	1	247	2	247	100	1.21457	30	60
NODE_2464_length_247_cov_0.858824	1	247	2	247	100	1.21457	30	60
NODE_2465_length_247_cov_0.858824	1	247	2	247	100	1.21457	30	60
NODE_2466_length_247_cov_0.858824	1	247	4	247	100	1.58704	30	31
NODE_2467_length_247_cov_0.858824	1	247	2	247	100	1.21457	30	60
NODE_2468_length_247_cov_0.858824	1	247	2	247	100	1.21457	30	60
NODE_2469_length_247_cov_0.858824	1	247	2	247	100	1.21457	30	60
NODE_2470_length_247_cov_0.858824	1	247	2	247	100	1.21457	30	60
NODE_2471_length_247_cov_0.858824	1	247	2	247	100	1.21457	30	60
NODE_2472_length_247_cov_0.858824	1	247	2	247	100	1.21457	30	60
NODE_2473_length_247_cov_0.858824	1	247	2	247	100	1.21457	30	60
NODE_2474_length_247_cov_0.858824	1	247	2	247	100	1.21457	30	60
NODE_2475_length_247_cov_0.858824	1	247	2	247	100	1.21457	30	60
NODE_2476_length_247_cov_0.858824	1	247	2	247	100	1.21457	30	60
NODE_2477_length_247_cov_0.858824	1	247	2	247	100	1.21457	30	60
NODE_2478_length_247_cov_0.858824	1	247	2	247	100	1.21457	30	60
NODE_2479_length_247_cov_0.858824	1	247	2	247	100	1.21457	30	60
NODE_2480_length_247_cov_0.858824	1	247	2	247	100	1.21457	30	60
NODE_2481_length_247_cov_0.858824	1	247	2	247	100	1.21457	30	60
NODE_2482_length_247_cov_0.858824	1	247	2	247	100	1.21457	30	60
NODE_2483_length_247_cov_0.858824	1	247	2	247	100	1.21457	30	60
NODE_2484_length_247_cov_0.858824	1	247	2	247	100	1.21457	30	60
NODE_2485_length_247_cov_0.858824	1	247	2	247	100	1.21457	30	60
NODE_2486_length_247_cov_0.858824	1	247	2	247	100	1.21457	30	60
NODE_2487_length_247_cov_0.858824	1	247	2	247	100	1.21457	30	60
NODE_2488_length_247_cov_0.858824	1	247	2	247	100	1.21457	30	60
NODE_2489_length_247_cov_0.858824	1	247	2	247	100	1.21457	30	60
NODE_2490_length_247_cov_0.858824	1	247	2	247	100	1.21457	30	60
NODE_2491_length_247_cov_0.858824	1	247	4	247	100	1.48988	30	31
NODE_2492_length_247_cov_0.852941	1	247	2	247	100	1.21457	30	60
NODE_2493_length_247_cov_0.782353	1	247	2	247	100	1.21457	30	60
NODE_2494_length_247_cov_0.764706	1	247	2	247	100	1.21457	30	60
NODE_2495_length_246_cov_2.591716	1	246	6	246	100	3.65854	30	60
NODE_2496_length_246_cov_2.213018	1	246	8	246	100	4.02439	30	56.1
NODE_2497_length_246_cov_1.727811	1	246	4	246	100	2.43902	30	60
NODE_2498_length_246_cov_1.727811	1	246	4	246	100	2.43902	30	60
NODE_2499_length_246_cov_1.727811	1	246	4	246	100	2.43902	30	60
NODE_2500_length_246_cov_1.727811	1	246	4	246	100	2.43902	30	60
NODE_2501_length_246_cov_1.727811	1	246	4	246	100	2.43902	30	60
NODE_2502_length_246_cov_1.727811	1	246	4	246	100	2.43902	30	60
NODE_2503_length_246_cov_1.727811	1	246	4	246	100	2.43902	30	60
NODE_2504_length_246_cov_1.727811	1	246	4	246	100	2.43902	30	60
NODE_2505_length_246_cov_1.727811	1	246	4	246	100	2.43902	30	60
NODE_2506_length_246_cov_1.644970	1	246	4	246	100	2.43902	30	60
NODE_2507_length_246_cov_1.526627	1	246	4	246	100	2.43902	30	60
NODE_2508_length_246_cov_0.863905	1	246	2	246	100	1.21951	30	60
NODE_2509_length_246_cov_0.863905	1	246	2	246	100	1.21951	30	60
NODE_2510_length_246_cov_0.863905	1	246	2	246	100	1.21951	30	60
NODE_2511_length_246_cov_0.863905	1	246	2	246	100	1.21951	30	60
NODE_2512_length_246_cov_0.863905	1	246	2	246	100	1.21951	30	60
NODE_2513_length_246_cov_0.863905	1	246	2	246	100	1.21951	30	60
NODE_2514_length_246_cov_0.863905	1	246	2	246	100	1.21951	30	60
NODE_2515_length_246_cov_0.863905	1	246	2	246	100	1.21951	30	60
NODE_2516_length_246_cov_0.863905	1	246	2	246	100	1.21951	30	60
NODE_2517_length_246_cov_0.863905	1	246	2	246	100	1.21951	30	60
NODE_2518_length_246_cov_0.863905	1	246	2	246	100	1.21951	30	60
NODE_2519_length_246_cov_0.863905	1	246	2	246	100	1.21951	30	60
NODE_2520_length_246_cov_0.863905	1	246	2	246	100	1.21951	30	60
NODE_2521_length_246_cov_0.863905	1	246	2	246	100	1.21951	30	60
NODE_2522_length_246_cov_0.863905	1	246	2	246	100	1.21951	30	60
NODE_2523_length_246_cov_0.863905	1	246	2	246	100	1.21951	30	60
NODE_2524_length_246_cov_0.863905	1	246	2	246	100	1.21951	30	60
NODE_2525_length_246_cov_0.863905	1	246	2	246	100	1.21951	30	60
NODE_2526_length_246_cov_0.863905	1	246	2	246	100	1.21951	30	60
NODE_2527_length_246_cov_0.863905	1	246	2	246	100	1.21951	30	60
NODE_2528_length_246_cov_0.863905	1	246	2	246	100	1.21951	30	60
NODE_2529_length_246_cov_0.863905	1	246	2	246	100	1.21951	30	60
NODE_2530_length_246_cov_0.863905	1	246	2	246	100	1.21951	30	60
NODE_2531_length_246_cov_0.863905	1	246	2	246	100	1.21951	30	60
NODE_2532_length_246_cov_0.863905	1	246	2	246	100	1.21951	30	60
NODE_2533_length_246_cov_0.863905	1	246	2	246	100	1.21951	30	60
NODE_2534_length_246_cov_0.863905	1	246	2	246	100	1.21951	30	60
NODE_2535_length_246_cov_0.863905	1	246	2	246	100	1.21951	30	60
NODE_2536_length_246_cov_0.863905	1	246	2	246	100	1.21951	30	60
NODE_2537_length_246_cov_0.863905	1	246	2	246	100	1.21951	30	60
NODE_2538_length_246_cov_0.863905	1	246	2	246	100	1.21951	30	60
NODE_2539_length_246_cov_0.863905	1	246	2	246	100	1.21951	30	60
NODE_2540_length_246_cov_0.863905	1	246	2	246	100	1.21951	30	60
NODE_2541_length_246_cov_0.863905	1	246	2	246	100	1.21951	30	60
NODE_2542_length_246_cov_0.863905	1	246	2	246	100	1.21951	30	60
NODE_2543_length_246_cov_0.863905	1	246	2	246	100	1.21951	30	60
NODE_2544_length_246_cov_0.863905	1	246	2	246	100	1.21951	30	60
NODE_2545_length_246_cov_0.863905	1	246	2	246	100	1.21951	30	60
NODE_2546_length_246_cov_0.863905	1	246	2	246	100	1.21951	30	60
NODE_2547_length_246_cov_0.863905	1	246	2	246	100	1.21951	30	60
NODE_2548_length_246_cov_0.863905	1	246	2	246	100	1.21951	30	60
NODE_2549_length_246_cov_0.863905	1	246	2	246	100	1.21951	30	60
NODE_2550_length_246_cov_0.863905	1	246	2	246	100	1.21951	30	60
NODE_2551_length_246_cov_0.863905	1	246	2	246	100	1.21951	30	60
NODE_2552_length_246_cov_0.863905	1	246	2	246	100	1.21951	30	60
NODE_2553_length_246_cov_0.863905	1	246	2	245	99.5935	1.21951	30	60
NODE_2554_length_246_cov_0.822485	1	246	2	246	100	1.21951	30	60
NODE_2555_length_246_cov_0.781065	1	246	2	246	100	1.21951	30	60
NODE_2556_length_246_cov_0.739645	1	246	2	246	100	1.21951	30	60
NODE_2557_length_246_cov_0.692308	1	246	2	246	100	1.21951	30	60
NODE_2558_length_245_cov_2.607143	1	245	6	245	100	3.67347	30	60
NODE_2559_length_245_cov_2.607143	1	245	6	245	100	3.67347	30	60
NODE_2560_length_245_cov_2.607143	1	245	19	245	100	7.7102	30	21.9
NODE_2561_length_245_cov_2.583333	1	245	6	245	100	3.67347	30	60
NODE_2562_length_245_cov_1.738095	1	245	4	245	100	2.44898	30	60
NODE_2563_length_245_cov_1.738095	1	245	4	245	100	2.44898	30	60
NODE_2564_length_245_cov_1.738095	1	245	4	245	100	2.44898	30	60
NODE_2565_length_245_cov_1.738095	1	245	4	245	100	2.44898	30	60
NODE_2566_length_245_cov_1.738095	1	245	4	245	100	2.44898	30	60
NODE_2567_length_245_cov_1.738095	1	245	4	245	100	2.44898	30	60
NODE_2568_length_245_cov_1.738095	1	245	4	245	100	2.44898	30	60
NODE_2569_length_245_cov_1.571429	1	245	4	245	100	2.44898	30	60
NODE_2570_length_245_cov_1.452381	1	245	4	245	100	2.44898	30	60
NODE_2571_length_245_cov_1.440476	1	245	4	245	100	2.44898	30	60
NODE_2572_length_245_cov_1.369048	1	245	4	245	100	2.44898	30	60
NODE_2573_length_245_cov_1.303571	1	245	4	245	100	2.44898	30	60
NODE_2574_length_245_cov_1.303571	1	245	4	245	100	2.44898	30	60
NODE_2575_length_245_cov_0.869048	1	245	2	245	100	1.22449	30	60
NODE_2576_length_245_cov_0.869048	1	245	2	245	100	1.22449	30	60
NODE_2577_length_245_cov_0.869048	1	245	2	245	100	1.22449	30	60
NODE_2578_length_245_cov_0.869048	1	245	2	245	100	1.22449	30	60
NODE_2579_length_245_cov_0.869048	1	245	2	245	100	1.22449	30	60
NODE_2580_length_245_cov_0.869048	1	245	2	245	100	1.22449	30	60
NODE_2581_length_245_cov_0.869048	1	245	2	245	100	1.22449	30	60
NODE_2582_length_245_cov_0.869048	1	245	2	245	100	1.22449	30	60
NODE_2583_length_245_cov_0.869048	1	245	2	245	100	1.22449	30	60
NODE_2584_length_245_cov_0.869048	1	245	2	245	100	1.22449	30	60
NODE_2585_length_245_cov_0.869048	1	245	2	245	100	1.22449	30	60
NODE_2586_length_245_cov_0.869048	1	245	2	245	100	1.22449	30	60
NODE_2587_length_245_cov_0.869048	1	245	2	245	100	1.22449	30	60
NODE_2588_length_245_cov_0.869048	1	245	2	245	100	1.22449	30	60
NODE_2589_length_245_cov_0.869048	1	245	2	245	100	1.22449	30	60
NODE_2590_length_245_cov_0.869048	1	245	2	245	100	1.22449	30	60
NODE_2591_length_245_cov_0.869048	1	245	2	245	100	1.22449	30	60
NODE_2592_length_245_cov_0.869048	1	245	2	245	100	1.22449	30	60
NODE_2593_length_245_cov_0.869048	1	245	2	245	100	1.22449	30	60
NODE_2594_length_245_cov_0.869048	1	245	2	245	100	1.22449	30	60
NODE_2595_length_245_cov_0.869048	1	245	2	245	100	1.22449	30	60
NODE_2596_length_245_cov_0.869048	1	245	2	245	100	1.22449	30	60
NODE_2597_length_245_cov_0.869048	1	245	2	245	100	1.22449	30	60
NODE_2598_length_245_cov_0.869048	1	245	2	245	100	1.22449	30	60
NODE_2599_length_245_cov_0.869048	1	245	2	245	100	1.22449	30	60
NODE_2600_length_245_cov_0.869048	1	245	2	245	100	1.22449	30	60
NODE_2601_length_245_cov_0.869048	1	245	2	245	100	1.22449	30	60
NODE_2602_length_245_cov_0.869048	1	245	2	245	100	1.22449	30	60
NODE_2603_length_245_cov_0.869048	1	245	2	245	100	1.22449	30	60
NODE_2604_length_245_cov_0.869048	1	245	2	245	100	1.22449	30	60
NODE_2605_length_245_cov_0.869048	1	245	2	245	100	1.22449	30	60
NODE_2606_length_245_cov_0.869048	1	245	2	245	100	1.22449	30	60
NODE_2607_length_245_cov_0.869048	1	245	2	245	100	1.22449	30	60
NODE_2608_length_245_cov_0.869048	1	245	2	245	100	1.22449	30	60
NODE_2609_length_245_cov_0.869048	1	245	2	245	100	1.22449	30	60
NODE_2610_length_245_cov_0.869048	1	245	2	245	100	1.22449	30	60
NODE_2611_length_245_cov_0.869048	1	245	2	245	100	1.22449	30	60
NODE_2612_length_245_cov_0.869048	1	245	2	245	100	1.22449	30	60
NODE_2613_length_245_cov_0.869048	1	245	2	245	100	1.22449	30	60
NODE_2614_length_245_cov_0.869048	1	245	2	245	100	1.22449	30	60
NODE_2615_length_245_cov_0.869048	1	245	2	245	100	1.22449	30	60
NODE_2616_length_245_cov_0.869048	1	245	2	245	100	1.22449	30	60
NODE_2617_length_245_cov_0.869048	1	245	2	243	99.1837	1.22449	30	60
NODE_2618_length_245_cov_0.869048	1	245	7	245	100	1.86939	30	18.4
NODE_2619_length_245_cov_0.833333	1	245	2	245	100	1.22449	30	60
NODE_2620_length_245_cov_0.821429	1	245	2	245	100	1.22449	30	60
NODE_2621_length_245_cov_0.815476	1	245	2	245	100	1.22449	30	60
NODE_2622_length_245_cov_0.803571	1	245	2	245	100	1.22449	30	60
NODE_2623_length_245_cov_0.791667	1	245	2	245	100	1.22449	30	60
NODE_2624_length_245_cov_0.702381	1	245	2	245	100	1.22449	30	60
NODE_2625_length_245_cov_0.678571	1	245	2	245	100	1.22449	30	60
NODE_2626_length_245_cov_0.630952	1	245	3	245	100	1.37551	30	60
NODE_2627_length_244_cov_4.365269	1	244	10	244	100	6.14754	30	60
NODE_2628_length_244_cov_3.497006	1	244	8	244	100	4.91803	30	60
NODE_2629_length_244_cov_3.497006	1	244	8	244	100	4.91803	30	60
NODE_2630_length_244_cov_2.622754	1	244	6	244	100	3.68852	30	60
NODE_2631_length_244_cov_2.419162	1	244	6	244	100	3.68852	30	60
NODE_2632_length_244_cov_1.748503	1	244	4	244	100	2.45902	30	60
NODE_2633_length_244_cov_1.748503	1	244	4	244	100	2.45902	30	60
NODE_2634_length_244_cov_1.748503	1	244	4	244	100	2.45902	30	60
NODE_2635_length_244_cov_1.748503	1	244	4	244	100	2.45902	30	60
NODE_2636_length_244_cov_1.748503	1	244	4	244	100	2.45902	30	60
NODE_2637_length_244_cov_1.748503	1	244	4	244	100	2.45902	30	60
NODE_2638_length_244_cov_1.748503	1	244	4	244	100	2.45902	30	60
NODE_2639_length_244_cov_1.748503	1	244	4	244	100	2.45902	30	60
NODE_2640_length_244_cov_1.748503	1	244	4	244	100	2.45902	30	60
NODE_2641_length_244_cov_1.748503	1	244	8	244	100	4.27459	30	32.1
NODE_2642_length_244_cov_1.748503	1	244	5	244	100	3.03279	30	48.2
NODE_2643_length_244_cov_1.748503	1	244	4	244	100	2.45902	30	60
NODE_2644_length_244_cov_1.748503	1	244	23	244	100	8.33197	30	17.3
NODE_2645_length_244_cov_1.748503	1	244	4	244	100	2.45902	30	60
NODE_2646_length_244_cov_0.874251	1	244	2	244	100	1.22951	30	60
NODE_2647_length_244_cov_0.874251	1	244	2	244	100	1.22951	30	60
NODE_2648_length_244_cov_0.874251	1	244	2	244	100	1.22951	30	60
NODE_2649_length_244_cov_0.874251	1	244	2	244	100	1.22951	30	60
NODE_2650_length_244_cov_0.874251	1	244	2	244	100	1.22951	30	60
NODE_2651_length_244_cov_0.874251	1	244	2	244	100	1.22951	30	60
NODE_2652_length_244_cov_0.874251	1	244	2	244	100	1.22951	30	60
NODE_2653_length_244_cov_0.874251	1	244	4	244	100	1.5082	30	32.2
NODE_2654_length_244_cov_0.874251	1	244	2	244	100	1.22951	30	60
NODE_2655_length_244_cov_0.874251	1	244	2	244	100	1.22951	30	60
NODE_2656_length_244_cov_0.874251	1	244	2	244	100	1.22951	30	60
NODE_2657_length_244_cov_0.874251	1	244	2	244	100	1.22951	30	60
NODE_2658_length_244_cov_0.874251	1	244	2	244	100	1.22951	30	60
NODE_2659_length_244_cov_0.874251	1	244	2	244	100	1.22951	30	60
NODE_2660_length_244_cov_0.874251	1	244	2	244	100	1.22951	30	60
NODE_2661_length_244_cov_0.874251	1	244	2	244	100	1.22951	30	60
NODE_2662_length_244_cov_0.874251	1	244	2	244	100	1.22951	30	60
NODE_2663_length_244_cov_0.874251	1	244	2	244	100	1.22951	30	60
NODE_2664_length_244_cov_0.874251	1	244	2	244	100	1.22951	30	60
NODE_2665_length_244_cov_0.874251	1	244	2	244	100	1.22951	30	60
NODE_2666_length_244_cov_0.874251	1	244	2	244	100	1.22951	30	60
NODE_2667_length_244_cov_0.874251	1	244	2	244	100	1.22951	30	60
NODE_2668_length_244_cov_0.874251	1	244	2	244	100	1.22951	30	60
NODE_2669_length_244_cov_0.874251	1	244	2	244	100	1.22951	30	60
NODE_2670_length_244_cov_0.874251	1	244	2	244	100	1.22951	30	60
NODE_2671_length_244_cov_0.874251	1	244	2	244	100	1.22951	30	60
NODE_2672_length_244_cov_0.874251	1	244	2	244	100	1.22951	30	60
NODE_2673_length_244_cov_0.874251	1	244	10	244	100	3.65984	30	14.6
NODE_2674_length_244_cov_0.874251	1	244	2	244	100	1.22951	30	60
NODE_2675_length_244_cov_0.874251	1	244	2	244	100	1.22951	30	60
NODE_2676_length_244_cov_0.874251	1	244	2	244	100	1.22951	30	60
NODE_2677_length_244_cov_0.874251	1	244	2	244	100	1.22951	30	60
NODE_2678_length_244_cov_0.874251	1	244	2	244	100	1.22951	30	60
NODE_2679_length_244_cov_0.874251	1	244	2	244	100	1.22951	30	60
NODE_2680_length_244_cov_0.874251	1	244	2	244	100	1.22951	30	60
NODE_2681_length_244_cov_0.874251	1	244	2	244	100	1.22951	30	60
NODE_2682_length_244_cov_0.874251	1	244	2	244	100	1.22951	30	60
NODE_2683_length_244_cov_0.874251	1	244	2	244	100	1.22951	30	60
NODE_2684_length_244_cov_0.874251	1	244	2	244	100	1.22951	30	60
NODE_2685_length_244_cov_0.874251	1	244	2	244	100	1.22951	30	60
NODE_2686_length_244_cov_0.874251	1	244	2	244	100	1.22951	30	60
NODE_2687_length_244_cov_0.874251	1	244	2	244	100	1.22951	30	60
NODE_2688_length_244_cov_0.874251	1	244	2	244	100	1.22951	30	60
NODE_2689_length_244_cov_0.874251	1	244	2	244	100	1.22951	30	60
NODE_2690_length_244_cov_0.874251	1	244	2	244	100	1.22951	30	60
NODE_2691_length_244_cov_0.838323	1	244	2	244	100	1.22951	30	60
NODE_2692_length_244_cov_0.670659	1	244	2	244	100	1.22951	30	60
NODE_2693_length_243_cov_2.638554	1	243	6	243	100	3.7037	30	60
NODE_2694_length_243_cov_1.759036	1	243	4	243	100	2.46914	30	60
NODE_2695_length_243_cov_1.759036	1	243	4	243	100	2.46914	30	60
NODE_2696_length_243_cov_1.759036	1	243	4	243	100	2.46914	30	60
NODE_2697_length_243_cov_1.759036	1	243	4	243	100	2.46914	30	60
NODE_2698_length_243_cov_1.759036	1	243	4	243	100	2.46914	30	60
NODE_2699_length_243_cov_1.759036	1	243	4	243	100	2.46914	30	60
NODE_2700_length_243_cov_1.759036	1	243	4	243	100	2.46914	30	60
NODE_2701_length_243_cov_1.759036	1	243	4	243	100	2.46914	30	60
NODE_2702_length_243_cov_1.686747	1	243	4	243	100	2.46914	30	60
NODE_2703_length_243_cov_1.379518	1	243	4	243	100	2.46914	30	60
NODE_2704_length_243_cov_1.024096	1	243	4	243	100	2.107	30	57
NODE_2705_length_243_cov_0.879518	1	243	17	243	100	8.13992	30	40.2
NODE_2706_length_243_cov_0.879518	1	243	2	243	100	1.23457	30	60
NODE_2707_length_243_cov_0.879518	1	243	2	243	100	1.23457	30	60
NODE_2708_length_243_cov_0.879518	1	243	2	243	100	1.23457	30	60
NODE_2709_length_243_cov_0.879518	1	243	2	243	100	1.23457	30	60
NODE_2710_length_243_cov_0.879518	1	243	2	243	100	1.23457	30	60
NODE_2711_length_243_cov_0.879518	1	243	2	243	100	1.23457	30	60
NODE_2712_length_243_cov_0.879518	1	243	2	243	100	1.23457	30	60
NODE_2713_length_243_cov_0.879518	1	243	2	243	100	1.23457	30	60
NODE_2714_length_243_cov_0.879518	1	243	2	243	100	1.23457	30	60
NODE_2715_length_243_cov_0.879518	1	243	2	243	100	1.23457	30	60
NODE_2716_length_243_cov_0.879518	1	243	2	243	100	1.23457	30	60
NODE_2717_length_243_cov_0.879518	1	243	2	243	100	1.23457	30	60
NODE_2718_length_243_cov_0.879518	1	243	2	243	100	1.23457	30	60
NODE_2719_length_243_cov_0.879518	1	243	2	243	100	1.23457	30	60
NODE_2720_length_243_cov_0.879518	1	243	2	243	100	1.23457	30	60
NODE_2721_length_243_cov_0.879518	1	243	2	243	100	1.23457	30	60
NODE_2722_length_243_cov_0.879518	1	243	2	243	100	1.23457	30	60
NODE_2723_length_243_cov_0.879518	1	243	2	243	100	1.23457	30	60
NODE_2724_length_243_cov_0.879518	1	243	2	243	100	1.23457	30	60
NODE_2725_length_243_cov_0.879518	1	243	2	243	100	1.23457	30	60
NODE_2726_length_243_cov_0.879518	1	243	2	243	100	1.23457	30	60
NODE_2727_length_243_cov_0.879518	1	243	2	243	100	1.23457	30	60
NODE_2728_length_243_cov_0.879518	1	243	2	243	100	1.23457	30	60
NODE_2729_length_243_cov_0.879518	1	243	2	243	100	1.23457	30	60
NODE_2730_length_243_cov_0.879518	1	243	2	243	100	1.23457	30	60
NODE_2731_length_243_cov_0.879518	1	243	2	243	100	1.23457	30	60
NODE_2732_length_243_cov_0.879518	1	243	2	243	100	1.23457	30	60
NODE_2733_length_243_cov_0.879518	1	243	2	243	100	1.23457	30	60
NODE_2734_length_243_cov_0.879518	1	243	2	243	100	1.23457	30	60
NODE_2735_length_243_cov_0.879518	1	243	2	243	100	1.23457	30	60
NODE_2736_length_243_cov_0.879518	1	243	2	243	100	1.23457	30	60
NODE_2737_length_243_cov_0.879518	1	243	2	243	100	1.23457	30	60
NODE_2738_length_243_cov_0.879518	1	243	2	243	100	1.23457	30	60
NODE_2739_length_243_cov_0.879518	1	243	2	243	100	1.23457	30	60
NODE_2740_length_243_cov_0.879518	1	243	2	243	100	1.23457	30	60
NODE_2741_length_243_cov_0.879518	1	243	2	243	100	1.23457	30	60
NODE_2742_length_243_cov_0.879518	1	243	2	243	100	1.23457	30	60
NODE_2743_length_243_cov_0.879518	1	243	2	243	100	1.23457	30	60
NODE_2744_length_243_cov_0.879518	1	243	2	243	100	1.23457	30	60
NODE_2745_length_243_cov_0.843373	1	243	2	243	100	1.23457	30	60
NODE_2746_length_243_cov_0.795181	1	243	2	243	100	1.23457	30	60
NODE_2747_length_243_cov_0.777108	1	243	2	243	100	1.23457	30	60
NODE_2748_length_243_cov_0.753012	1	243	2	243	100	1.14815	30	60
NODE_2749_length_243_cov_0.704819	1	243	2	243	100	1.23457	30	60
NODE_2750_length_243_cov_0.704819	1	243	2	243	100	1.23457	30	60
NODE_2751_length_243_cov_0.680723	1	243	2	243	100	1.23457	30	60
NODE_2752_length_242_cov_2.654545	1	242	6	242	100	3.71901	30	60
NODE_2753_length_242_cov_2.654545	1	242	6	242	100	3.71901	30	60
NODE_2754_length_242_cov_1.769697	1	242	4	242	100	2.47934	30	60
NODE_2755_length_242_cov_1.769697	1	242	4	242	100	2.47934	30	60
NODE_2756_length_242_cov_1.769697	1	242	4	242	100	2.47934	30	60
NODE_2757_length_242_cov_1.769697	1	242	4	242	100	2.47934	30	60
NODE_2758_length_242_cov_1.769697	1	242	4	242	100	2.47934	30	60
NODE_2759_length_242_cov_1.769697	1	242	4	242	100	2.47934	30	60
NODE_2760_length_242_cov_1.769697	1	242	4	242	100	2.47934	30	60
NODE_2761_length_242_cov_1.769697	1	242	4	242	100	2.47934	30	60
NODE_2762_length_242_cov_1.654545	1	242	4	242	100	2.47934	30	60
NODE_2763_length_242_cov_0.884848	1	242	2	242	100	1.23967	30	60
NODE_2764_length_242_cov_0.884848	1	242	2	242	100	1.23967	30	60
NODE_2765_length_242_cov_0.884848	1	242	2	242	100	1.23967	30	60
NODE_2766_length_242_cov_0.884848	1	242	2	242	100	1.23967	30	60
NODE_2767_length_242_cov_0.884848	1	242	2	242	100	1.23967	30	60
NODE_2768_length_242_cov_0.884848	1	242	2	242	100	1.23967	30	60
NODE_2769_length_242_cov_0.884848	1	242	2	242	100	1.23967	30	60
NODE_2770_length_242_cov_0.884848	1	242	2	242	100	1.23967	30	60
NODE_2771_length_242_cov_0.884848	1	242	2	242	100	1.23967	30	60
NODE_2772_length_242_cov_0.884848	1	242	2	242	100	1.23967	30	60
NODE_2773_length_242_cov_0.884848	1	242	2	242	100	1.23967	30	60
NODE_2774_length_242_cov_0.884848	1	242	2	242	100	1.23967	30	60
NODE_2775_length_242_cov_0.884848	1	242	2	242	100	1.23967	30	60
NODE_2776_length_242_cov_0.884848	1	242	2	242	100	1.23967	30	60
NODE_2777_length_242_cov_0.884848	1	242	2	242	100	1.23967	30	60
NODE_2778_length_242_cov_0.884848	1	242	2	242	100	1.23967	30	60
NODE_2779_length_242_cov_0.884848	1	242	2	242	100	1.23967	30	60
NODE_2780_length_242_cov_0.884848	1	242	2	242	100	1.23967	30	60
NODE_2781_length_242_cov_0.884848	1	242	2	242	100	1.23967	30	60
NODE_2782_length_242_cov_0.884848	1	242	2	242	100	1.23967	30	60
NODE_2783_length_242_cov_0.884848	1	242	2	242	100	1.23967	30	60
NODE_2784_length_242_cov_0.884848	1	242	2	242	100	1.23967	30	60
NODE_2785_length_242_cov_0.884848	1	242	2	242	100	1.23967	30	60
NODE_2786_length_242_cov_0.884848	1	242	2	242	100	1.23967	30	60
NODE_2787_length_242_cov_0.884848	1	242	2	242	100	1.23967	30	60
NODE_2788_length_242_cov_0.884848	1	242	2	242	100	1.23967	30	60
NODE_2789_length_242_cov_0.884848	1	242	2	242	100	1.23967	30	60
NODE_2790_length_242_cov_0.884848	1	242	2	242	100	1.23967	30	60
NODE_2791_length_242_cov_0.884848	1	242	2	242	100	1.23967	30	60
NODE_2792_length_242_cov_0.884848	1	242	2	242	100	1.23967	30	60
NODE_2793_length_242_cov_0.884848	1	242	2	242	100	1.23967	30	60
NODE_2794_length_242_cov_0.884848	1	242	2	242	100	1.23967	30	60
NODE_2795_length_242_cov_0.884848	1	242	2	242	100	1.23967	30	60
NODE_2796_length_242_cov_0.884848	1	242	2	242	100	1.23967	30	60
NODE_2797_length_242_cov_0.884848	1	242	2	242	100	1.23967	30	60
NODE_2798_length_242_cov_0.884848	1	242	2	242	100	1.23967	30	60
NODE_2799_length_242_cov_0.884848	1	242	2	242	100	1.23967	30	60
NODE_2800_length_242_cov_0.884848	1	242	2	242	100	1.23967	30	60
NODE_2801_length_242_cov_0.884848	1	242	2	242	100	1.23967	30	60
NODE_2802_length_242_cov_0.884848	1	242	2	242	100	1.23967	30	60
NODE_2803_length_242_cov_0.884848	1	242	2	242	100	1.23967	30	60
NODE_2804_length_242_cov_0.884848	1	242	2	242	100	1.23967	30	60
NODE_2805_length_242_cov_0.884848	1	242	2	242	100	1.23967	30	60
NODE_2806_length_242_cov_0.884848	1	242	2	242	100	1.23967	30	60
NODE_2807_length_242_cov_0.884848	1	242	2	242	100	1.23967	30	60
NODE_2808_length_242_cov_0.884848	1	242	2	242	100	1.23967	30	60
NODE_2809_length_242_cov_0.884848	1	242	2	242	100	1.23967	30	60
NODE_2810_length_242_cov_0.884848	1	242	2	242	100	1.23967	30	60
NODE_2811_length_242_cov_0.884848	1	242	2	242	100	1.23967	30	60
NODE_2812_length_242_cov_0.884848	1	242	2	242	100	1.23967	30	60
NODE_2813_length_242_cov_0.884848	1	242	2	242	100	1.23967	30	60
NODE_2814_length_242_cov_0.884848	1	242	2	242	100	1.23967	30	60
NODE_2815_length_242_cov_0.884848	1	242	2	242	100	1.23967	30	60
NODE_2816_length_242_cov_0.884848	1	242	2	242	100	1.23967	30	60
NODE_2817_length_242_cov_0.884848	1	242	2	242	100	1.23967	30	60
NODE_2818_length_242_cov_0.884848	1	242	2	242	100	1.23967	30	60
NODE_2819_length_242_cov_0.866667	1	242	2	242	100	1.23967	30	60
NODE_2820_length_242_cov_0.824242	1	242	2	242	100	1.23967	30	60
NODE_2821_length_242_cov_0.824242	1	242	2	242	100	1.23967	30	60
NODE_2822_length_242_cov_0.745455	1	242	2	242	100	1.23967	30	60
NODE_2823_length_242_cov_0.745455	1	242	2	242	100	1.23967	30	60
NODE_2824_length_242_cov_0.733333	1	242	3	242	100	1.8595	30	57.3
NODE_2825_length_242_cov_0.703030	1	242	2	242	100	1.21901	30	60
NODE_2826_length_241_cov_2.670732	1	241	6	241	100	3.73444	30	60
NODE_2827_length_241_cov_2.548780	1	241	6	241	100	3.73444	30	60
NODE_2828_length_241_cov_1.780488	1	241	4	241	100	2.48963	30	60
NODE_2829_length_241_cov_1.780488	1	241	4	241	100	2.48963	30	60
NODE_2830_length_241_cov_1.780488	1	241	4	241	100	2.48963	30	60
NODE_2831_length_241_cov_1.780488	1	241	4	241	100	2.48963	30	60
NODE_2832_length_241_cov_1.780488	1	241	4	241	100	2.48963	30	60
NODE_2833_length_241_cov_1.780488	1	241	4	241	100	2.48963	30	60
NODE_2834_length_241_cov_1.780488	1	241	4	241	100	2.48963	30	60
NODE_2835_length_241_cov_1.780488	1	241	4	241	100	2.48963	30	60
NODE_2836_length_241_cov_1.780488	1	241	4	241	100	2.48963	30	60
NODE_2837_length_241_cov_1.780488	1	241	4	241	100	2.48963	30	60
NODE_2838_length_241_cov_1.780488	1	241	4	241	100	2.48963	30	60
NODE_2839_length_241_cov_1.481707	1	241	4	241	100	2.48963	30	60
NODE_2840_length_241_cov_1.378049	1	241	4	241	100	2.48963	30	60
NODE_2841_length_241_cov_1.341463	1	241	4	241	100	2.48963	30	60
NODE_2842_length_241_cov_1.121951	1	241	4	241	100	2.48963	30	60
NODE_2843_length_241_cov_0.890244	1	241	2	241	100	1.24481	30	60
NODE_2844_length_241_cov_0.890244	1	241	2	241	100	1.24481	30	60
NODE_2845_length_241_cov_0.890244	1	241	2	241	100	1.24481	30	60
NODE_2846_length_241_cov_0.890244	1	241	2	241	100	1.24481	30	60
NODE_2847_length_241_cov_0.890244	1	241	2	241	100	1.24481	30	60
NODE_2848_length_241_cov_0.890244	1	241	2	241	100	1.24481	30	60
NODE_2849_length_241_cov_0.890244	1	241	2	241	100	1.24481	30	60
NODE_2850_length_241_cov_0.890244	1	241	2	241	100	1.24481	30	60
NODE_2851_length_241_cov_0.890244	1	241	2	241	100	1.24481	30	60
NODE_2852_length_241_cov_0.890244	1	241	2	241	100	1.24481	30	60
NODE_2853_length_241_cov_0.890244	1	241	2	241	100	1.24481	30	60
NODE_2854_length_241_cov_0.890244	1	241	2	241	100	1.24481	30	60
NODE_2855_length_241_cov_0.890244	1	241	2	241	100	1.24481	30	60
NODE_2856_length_241_cov_0.890244	1	241	2	241	100	1.24481	30	60
NODE_2857_length_241_cov_0.890244	1	241	2	241	100	1.24481	30	60
NODE_2858_length_241_cov_0.890244	1	241	2	241	100	1.24481	30	60
NODE_2859_length_241_cov_0.890244	1	241	2	241	100	1.24481	30	60
NODE_2860_length_241_cov_0.890244	1	241	4	241	100	2.48963	30	58.5
NODE_2861_length_241_cov_0.890244	1	241	2	241	100	1.24481	30	60
NODE_2862_length_241_cov_0.890244	1	241	2	241	100	1.24481	30	60
NODE_2863_length_241_cov_0.890244	1	241	2	241	100	1.24481	30	60
NODE_2864_length_241_cov_0.890244	1	241	2	241	100	1.24481	30	60
NODE_2865_length_241_cov_0.890244	1	241	2	241	100	1.24481	30	60
NODE_2866_length_241_cov_0.890244	1	241	2	241	100	1.24481	30	60
NODE_2867_length_241_cov_0.890244	1	241	2	241	100	1.24481	30	60
NODE_2868_length_241_cov_0.890244	1	241	2	241	100	1.24481	30	60
NODE_2869_length_241_cov_0.890244	1	241	2	241	100	1.24481	30	60
NODE_2870_length_241_cov_0.890244	1	241	2	241	100	1.24481	30	60
NODE_2871_length_241_cov_0.890244	1	241	2	241	100	1.24481	30	60
NODE_2872_length_241_cov_0.890244	1	241	2	241	100	1.24481	30	60
NODE_2873_length_241_cov_0.890244	1	241	2	241	100	1.24481	30	60
NODE_2874_length_241_cov_0.890244	1	241	2	241	100	1.24481	30	60
NODE_2875_length_241_cov_0.890244	1	241	12	241	100	4.92531	30	12.6
NODE_2876_length_241_cov_0.890244	1	241	2	241	100	1.24481	30	60
NODE_2877_length_241_cov_0.890244	1	241	2	241	100	1.24481	30	60
NODE_2878_length_241_cov_0.890244	1	241	2	241	100	1.24481	30	60
NODE_2879_length_241_cov_0.890244	1	241	4	241	100	1.51867	30	31.5
NODE_2880_length_241_cov_0.890244	1	241	2	241	100	1.24481	30	60
NODE_2881_length_241_cov_0.890244	1	241	2	241	100	1.24481	30	60
NODE_2882_length_241_cov_0.890244	1	241	2	241	100	1.24481	30	60
NODE_2883_length_241_cov_0.890244	1	241	2	241	100	1.24481	30	60
NODE_2884_length_241_cov_0.890244	1	241	2	241	100	1.24481	30	60
NODE_2885_length_241_cov_0.890244	1	241	2	241	100	1.24481	30	60
NODE_2886_length_241_cov_0.890244	1	241	2	241	100	1.24481	30	60
NODE_2887_length_241_cov_0.890244	1	241	2	241	100	1.24481	30	60
NODE_2888_length_241_cov_0.890244	1	241	2	241	100	1.24481	30	60
NODE_2889_length_241_cov_0.890244	1	241	2	241	100	1.24481	30	60
NODE_2890_length_241_cov_0.890244	1	241	2	241	100	1.24481	30	60
NODE_2891_length_241_cov_0.890244	1	241	2	241	100	1.24481	30	60
NODE_2892_length_241_cov_0.890244	1	241	2	241	100	1.24481	30	60
NODE_2893_length_241_cov_0.890244	1	241	2	241	100	1.24481	30	60
NODE_2894_length_241_cov_0.878049	1	241	2	241	100	1.24481	30	60
NODE_2895_length_241_cov_0.810976	1	241	2	241	100	1.24481	30	60
NODE_2896_length_241_cov_0.786585	1	241	2	241	100	1.24481	30	60
NODE_2897_length_241_cov_0.786585	1	241	2	241	100	1.24481	30	60
NODE_2898_length_241_cov_0.743902	1	241	2	241	100	1.24481	30	60
NODE_2899_length_241_cov_0.719512	1	241	2	241	100	1.24481	30	60
NODE_2900_length_241_cov_0.713415	1	241	2	241	100	1.24481	30	60
NODE_2901_length_240_cov_5.374233	1	240	12	240	100	7.5	30	60
NODE_2902_length_240_cov_3.993865	1	240	14	240	100	6.78333	30	42.6
NODE_2903_length_240_cov_2.687117	1	240	6	240	100	3.75	30	60
NODE_2904_length_240_cov_2.687117	1	240	6	240	100	3.75	30	60
NODE_2905_length_240_cov_2.687117	1	240	6	240	100	3.75	30	60
NODE_2906_length_240_cov_1.791411	1	240	4	240	100	2.5	30	60
NODE_2907_length_240_cov_1.791411	1	240	4	240	100	2.5	30	60
NODE_2908_length_240_cov_1.791411	1	240	4	240	100	2.5	30	60
NODE_2909_length_240_cov_1.791411	1	240	4	240	100	2.5	30	60
NODE_2910_length_240_cov_1.791411	1	240	4	240	100	2.5	30	60
NODE_2911_length_240_cov_1.791411	1	240	4	240	100	2.5	30	60
NODE_2912_length_240_cov_1.791411	1	240	4	240	100	2.5	30	60
NODE_2913_length_240_cov_1.791411	1	240	4	240	100	2.5	30	60
NODE_2914_length_240_cov_1.773006	1	240	4	240	100	2.5	30	60
NODE_2915_length_240_cov_1.398773	1	240	4	240	100	2.5	30	60
NODE_2916_length_240_cov_1.343558	1	240	4	240	100	2.5	30	60
NODE_2917_length_240_cov_1.282209	1	240	5	240	100	3.075	30	48.2
NODE_2918_length_240_cov_0.981595	1	240	3	240	100	1.68333	30	60
NODE_2919_length_240_cov_0.914110	1	240	4	240	100	2.5	30	60
NODE_2920_length_240_cov_0.895706	1	240	2	240	100	1.25	30	60
NODE_2921_length_240_cov_0.895706	1	240	2	240	100	1.25	30	60
NODE_2922_length_240_cov_0.895706	1	240	2	240	100	1.25	30	60
NODE_2923_length_240_cov_0.895706	1	240	2	240	100	1.25	30	60
NODE_2924_length_240_cov_0.895706	1	240	2	240	100	1.25	30	60
NODE_2925_length_240_cov_0.895706	1	240	2	240	100	1.25	30	60
NODE_2926_length_240_cov_0.895706	1	240	2	240	100	1.25	30	60
NODE_2927_length_240_cov_0.895706	1	240	2	240	100	1.25	30	60
NODE_2928_length_240_cov_0.895706	1	240	2	240	100	1.25	30	60
NODE_2929_length_240_cov_0.895706	1	240	2	240	100	1.25	30	60
NODE_2930_length_240_cov_0.895706	1	240	2	240	100	1.25	30	60
NODE_2931_length_240_cov_0.895706	1	240	2	240	100	1.25	30	60
NODE_2932_length_240_cov_0.895706	1	240	2	240	100	1.25	30	60
NODE_2933_length_240_cov_0.895706	1	240	2	240	100	1.25	30	60
NODE_2934_length_240_cov_0.895706	1	240	2	240	100	1.25	30	60
NODE_2935_length_240_cov_0.895706	1	240	2	240	100	1.25	30	60
NODE_2936_length_240_cov_0.895706	1	240	2	240	100	1.25	30	60
NODE_2937_length_240_cov_0.895706	1	240	2	240	100	1.25	30	60
NODE_2938_length_240_cov_0.895706	1	240	2	240	100	1.25	30	60
NODE_2939_length_240_cov_0.895706	1	240	2	240	100	1.25	30	60
NODE_2940_length_240_cov_0.895706	1	240	2	240	100	1.25	30	60
NODE_2941_length_240_cov_0.895706	1	240	2	240	100	1.25	30	60
NODE_2942_length_240_cov_0.895706	1	240	2	240	100	1.25	30	60
NODE_2943_length_240_cov_0.895706	1	240	2	240	100	1.25	30	60
NODE_2944_length_240_cov_0.895706	1	240	2	240	100	1.25	30	60
NODE_2945_length_240_cov_0.895706	1	240	2	240	100	1.25	30	60
NODE_2946_length_240_cov_0.895706	1	240	2	240	100	1.25	30	60
NODE_2947_length_240_cov_0.895706	1	240	2	240	100	1.25	30	60
NODE_2948_length_240_cov_0.895706	1	240	2	240	100	1.25	30	60
NODE_2949_length_240_cov_0.895706	1	240	6	240	100	2.21667	30	33
NODE_2950_length_240_cov_0.895706	1	240	2	240	100	1.25	30	60
NODE_2951_length_240_cov_0.895706	1	240	2	240	100	1.25	30	60
NODE_2952_length_240_cov_0.895706	1	240	2	240	100	1.25	30	60
NODE_2953_length_240_cov_0.895706	1	240	2	240	100	1.25	30	60
NODE_2954_length_240_cov_0.895706	1	240	2	240	100	1.25	30	60
NODE_2955_length_240_cov_0.895706	1	240	2	240	100	1.25	30	60
NODE_2956_length_240_cov_0.895706	1	240	2	240	100	1.25	30	60
NODE_2957_length_240_cov_0.895706	1	240	2	240	100	1.25	30	60
NODE_2958_length_240_cov_0.895706	1	240	6	240	100	2.51667	30	57.3
NODE_2959_length_240_cov_0.895706	1	240	2	240	100	1.25	30	60
NODE_2960_length_240_cov_0.895706	1	240	2	240	100	1.25	30	60
NODE_2961_length_240_cov_0.895706	1	240	2	240	100	1.25	30	60
NODE_2962_length_240_cov_0.895706	1	240	2	240	100	1.25	30	60
NODE_2963_length_240_cov_0.895706	1	240	2	240	100	1.25	30	60
NODE_2964_length_240_cov_0.871166	1	240	2	240	100	1.25	30	60
NODE_2965_length_240_cov_0.871166	1	240	2	240	100	1.25	30	60
NODE_2966_length_240_cov_0.773006	1	240	2	240	100	1.25	30	60
NODE_2967_length_240_cov_0.766871	1	240	2	240	100	1.25	30	60
NODE_2968_length_240_cov_0.680982	1	240	2	240	100	1.25	30	60
NODE_2969_length_239_cov_22.179012	1	239	15419	239	100	7371.9	30	26.1
NODE_2970_length_239_cov_5.407407	1	239	18	239	100	10.8452	30	53.2
NODE_2971_length_239_cov_2.703704	1	239	6	239	100	3.76569	30	60
NODE_2972_length_239_cov_2.703704	1	239	6	239	100	3.76569	30	60
NODE_2973_length_239_cov_2.703704	1	239	6	239	100	3.76569	30	60
NODE_2974_length_239_cov_2.703704	1	239	6	239	100	3.76569	30	60
NODE_2975_length_239_cov_1.802469	1	239	4	239	100	2.51046	30	60
NODE_2976_length_239_cov_1.802469	1	239	4	239	100	2.51046	30	60
NODE_2977_length_239_cov_1.802469	1	239	4	239	100	2.51046	30	60
NODE_2978_length_239_cov_1.802469	1	239	4	239	100	2.51046	30	60
NODE_2979_length_239_cov_1.802469	1	239	4	239	100	2.51046	30	60
NODE_2980_length_239_cov_1.802469	1	239	4	239	100	2.51046	30	60
NODE_2981_length_239_cov_1.802469	1	239	4	239	100	2.51046	30	60
NODE_2982_length_239_cov_1.802469	1	239	4	239	100	2.51046	30	60
NODE_2983_length_239_cov_0.901235	1	239	2	239	100	1.25523	30	60
NODE_2984_length_239_cov_0.901235	1	239	2	239	100	1.25523	30	60
NODE_2985_length_239_cov_0.901235	1	239	2	239	100	1.25523	30	60
NODE_2986_length_239_cov_0.901235	1	239	2	239	100	1.25523	30	60
NODE_2987_length_239_cov_0.901235	1	239	2	239	100	1.25523	30	60
NODE_2988_length_239_cov_0.901235	1	239	2	239	100	1.25523	30	60
NODE_2989_length_239_cov_0.901235	1	239	2	239	100	1.25523	30	60
NODE_2990_length_239_cov_0.901235	1	239	2	239	100	1.25523	30	60
NODE_2991_length_239_cov_0.901235	1	239	2	239	100	1.25523	30	60
NODE_2992_length_239_cov_0.901235	1	239	2	239	100	1.25523	30	60
NODE_2993_length_239_cov_0.901235	1	239	2	239	100	1.25523	30	60
NODE_2994_length_239_cov_0.901235	1	239	2	239	100	1.25523	30	60
NODE_2995_length_239_cov_0.901235	1	239	4	239	100	1.52301	30	31
NODE_2996_length_239_cov_0.901235	1	239	8	239	100	2.60251	30	32.2
NODE_2997_length_239_cov_0.901235	1	239	2	239	100	1.25523	30	60
NODE_2998_length_239_cov_0.901235	1	239	2	239	100	1.25523	30	60
NODE_2999_length_239_cov_0.901235	1	239	2	239	100	1.25523	30	60
NODE_3000_length_239_cov_0.901235	1	239	2	239	100	1.25523	30	60
NODE_3001_length_239_cov_0.901235	1	239	2	239	100	1.25523	30	60
NODE_3002_length_239_cov_0.901235	1	239	2	239	100	1.25523	30	60
NODE_3003_length_239_cov_0.901235	1	239	2	239	100	1.25523	30	60
NODE_3004_length_239_cov_0.901235	1	239	2	239	100	1.25523	30	60
NODE_3005_length_239_cov_0.901235	1	239	2	239	100	1.25523	30	60
NODE_3006_length_239_cov_0.901235	1	239	2	239	100	1.25523	30	60
NODE_3007_length_239_cov_0.901235	1	239	2	239	100	1.25523	30	60
NODE_3008_length_239_cov_0.901235	1	239	2	239	100	1.25523	30	60
NODE_3009_length_239_cov_0.901235	1	239	2	239	100	1.25523	30	60
NODE_3010_length_239_cov_0.901235	1	239	2	239	100	1.25523	30	60
NODE_3011_length_239_cov_0.901235	1	239	2	239	100	1.25523	30	60
NODE_3012_length_239_cov_0.901235	1	239	2	239	100	1.25523	30	60
NODE_3013_length_239_cov_0.901235	1	239	2	239	100	1.25523	30	60
NODE_3014_length_239_cov_0.901235	1	239	2	239	100	1.25523	30	60
NODE_3015_length_239_cov_0.901235	1	239	2	239	100	1.25523	30	60
NODE_3016_length_239_cov_0.901235	1	239	2	239	100	1.25523	30	60
NODE_3017_length_239_cov_0.901235	1	239	2	239	100	1.25523	30	60
NODE_3018_length_239_cov_0.901235	1	239	2	239	100	1.25523	30	60
NODE_3019_length_239_cov_0.901235	1	239	2	239	100	1.25523	30	60
NODE_3020_length_239_cov_0.901235	1	239	2	239	100	1.25523	30	60
NODE_3021_length_239_cov_0.901235	1	239	2	239	100	1.25523	30	60
NODE_3022_length_239_cov_0.901235	1	239	2	239	100	1.25523	30	60
NODE_3023_length_239_cov_0.901235	1	239	2	239	100	1.25523	30	60
NODE_3024_length_239_cov_0.901235	1	239	2	239	100	1.25523	30	60
NODE_3025_length_239_cov_0.901235	1	239	2	239	100	1.25523	30	60
NODE_3026_length_239_cov_0.901235	1	239	2	239	100	1.25523	30	60
NODE_3027_length_239_cov_0.901235	1	239	2	239	100	1.25523	30	60
NODE_3028_length_239_cov_0.901235	1	239	2	239	100	1.25523	30	60
NODE_3029_length_239_cov_0.901235	1	239	2	239	100	1.25523	30	60
NODE_3030_length_239_cov_0.901235	1	239	2	239	100	1.25523	30	60
NODE_3031_length_239_cov_0.901235	1	239	2	239	100	1.25523	30	60
NODE_3032_length_239_cov_0.901235	1	239	2	239	100	1.25523	30	60
NODE_3033_length_239_cov_0.901235	1	239	2	239	100	1.25523	30	60
NODE_3034_length_239_cov_0.901235	1	239	2	239	100	1.25523	30	60
NODE_3035_length_239_cov_0.901235	1	239	2	239	100	1.25523	30	60
NODE_3036_length_239_cov_0.839506	1	239	2	239	100	1.25523	30	60
NODE_3037_length_239_cov_0.833333	1	239	2	239	100	1.25523	30	60
NODE_3038_length_239_cov_0.790123	1	239	2	239	100	1.25523	30	60
NODE_3039_length_239_cov_0.734568	1	239	2	239	100	1.25523	30	60
NODE_3040_length_239_cov_0.722222	1	239	2	239	100	1.25523	30	60
NODE_3041_length_238_cov_2.720497	1	238	6	238	100	3.78151	30	60
NODE_3042_length_238_cov_2.720497	1	238	6	238	100	3.78151	30	60
NODE_3043_length_238_cov_2.720497	1	238	6	238	100	3.78151	30	60
NODE_3044_length_238_cov_2.720497	1	238	6	238	100	3.78151	30	60
NODE_3045_length_238_cov_2.720497	1	238	6	238	100	3.78151	30	60
NODE_3046_length_238_cov_2.720497	1	238	6	238	100	3.78151	30	60
NODE_3047_length_238_cov_2.236025	1	238	18	238	100	7.46218	30	32.1
NODE_3048_length_238_cov_1.813665	1	238	4	238	100	2.52101	30	60
NODE_3049_length_238_cov_1.813665	1	238	4	238	100	2.52101	30	60
NODE_3050_length_238_cov_1.813665	1	238	8	238	100	3.35714	30	30
NODE_3051_length_238_cov_1.813665	1	238	4	238	100	2.52101	30	60
NODE_3052_length_238_cov_1.813665	1	238	4	238	100	2.52101	30	60
NODE_3053_length_238_cov_1.813665	1	238	4	238	100	2.52101	30	60
NODE_3054_length_238_cov_1.813665	1	238	4	238	100	2.52101	30	60
NODE_3055_length_238_cov_1.813665	1	238	4	238	100	2.52101	30	60
NODE_3056_length_238_cov_1.813665	1	238	4	238	100	2.52101	30	60
NODE_3057_length_238_cov_1.813665	1	238	4	238	100	2.52101	30	60
NODE_3058_length_238_cov_1.807453	1	238	4	238	100	2.52101	30	60
NODE_3059_length_238_cov_1.795031	1	238	4	238	100	2.52101	30	60
NODE_3060_length_238_cov_1.745342	1	238	4	238	100	2.52101	30	60
NODE_3061_length_238_cov_1.677019	1	238	4	238	100	2.52101	30	60
NODE_3062_length_238_cov_1.633540	1	238	4	238	100	2.52101	30	60
NODE_3063_length_238_cov_1.583851	1	238	4	238	100	2.52101	30	60
NODE_3064_length_238_cov_1.434783	1	238	4	238	100	2.52101	30	60
NODE_3065_length_238_cov_1.416149	1	238	4	238	100	2.52101	30	60
NODE_3066_length_238_cov_0.906832	1	238	2	238	100	1.2605	30	60
NODE_3067_length_238_cov_0.906832	1	238	2	238	100	1.2605	30	60
NODE_3068_length_238_cov_0.906832	1	238	2	238	100	1.2605	30	60
NODE_3069_length_238_cov_0.906832	1	238	2	238	100	1.2605	30	60
NODE_3070_length_238_cov_0.906832	1	238	2	238	100	1.2605	30	60
NODE_3071_length_238_cov_0.906832	1	238	2	238	100	1.2605	30	60
NODE_3072_length_238_cov_0.906832	1	238	2	238	100	1.2605	30	60
NODE_3073_length_238_cov_0.906832	1	238	2	238	100	1.2605	30	60
NODE_3074_length_238_cov_0.906832	1	238	2	238	100	1.2605	30	60
NODE_3075_length_238_cov_0.906832	1	238	2	238	100	1.2605	30	60
NODE_3076_length_238_cov_0.906832	1	238	8	238	100	2.59664	30	23.6
NODE_3077_length_238_cov_0.906832	1	238	2	238	100	1.2605	30	60
NODE_3078_length_238_cov_0.906832	1	238	2	238	100	1.2605	30	60
NODE_3079_length_238_cov_0.906832	1	238	2	238	100	1.2605	30	60
NODE_3080_length_238_cov_0.906832	1	238	2	238	100	1.2605	30	60
NODE_3081_length_238_cov_0.906832	1	238	2	238	100	1.2605	30	60
NODE_3082_length_238_cov_0.906832	1	238	2	238	100	1.2605	30	60
NODE_3083_length_238_cov_0.906832	1	238	2	238	100	1.2605	30	60
NODE_3084_length_238_cov_0.906832	1	238	2	238	100	1.2605	30	60
NODE_3085_length_238_cov_0.906832	1	238	2	238	100	1.2605	30	60
NODE_3086_length_238_cov_0.906832	1	238	2	238	100	1.2605	30	60
NODE_3087_length_238_cov_0.906832	1	238	3	238	100	1.40336	30	40.3
NODE_3088_length_238_cov_0.906832	1	238	2	238	100	1.2605	30	60
NODE_3089_length_238_cov_0.906832	1	238	2	238	100	1.2605	30	60
NODE_3090_length_238_cov_0.906832	1	238	2	238	100	1.2605	30	60
NODE_3091_length_238_cov_0.906832	1	238	2	238	100	1.2605	30	60
NODE_3092_length_238_cov_0.906832	1	238	2	238	100	1.2605	30	60
NODE_3093_length_238_cov_0.906832	1	238	2	238	100	1.2605	30	60
NODE_3094_length_238_cov_0.906832	1	238	2	238	100	1.2605	30	60
NODE_3095_length_238_cov_0.906832	1	238	2	238	100	1.2605	30	60
NODE_3096_length_238_cov_0.906832	1	238	2	238	100	1.2605	30	60
NODE_3097_length_238_cov_0.906832	1	238	2	238	100	1.2605	30	60
NODE_3098_length_238_cov_0.906832	1	238	2	238	100	1.2605	30	60
NODE_3099_length_238_cov_0.906832	1	238	2	238	100	1.2605	30	60
NODE_3100_length_238_cov_0.906832	1	238	2	238	100	1.2605	30	60
NODE_3101_length_238_cov_0.906832	1	238	2	238	100	1.2605	30	60
NODE_3102_length_238_cov_0.906832	1	238	2	238	100	1.2605	30	60
NODE_3103_length_238_cov_0.906832	1	238	2	238	100	1.2605	30	60
NODE_3104_length_238_cov_0.906832	1	238	2	238	100	1.2605	30	60
NODE_3105_length_238_cov_0.906832	1	238	2	238	100	1.2605	30	60
NODE_3106_length_238_cov_0.906832	1	238	2	238	100	1.2605	30	60
NODE_3107_length_238_cov_0.906832	1	238	2	238	100	1.2605	30	60
NODE_3108_length_238_cov_0.906832	1	238	2	238	100	1.2605	30	60
NODE_3109_length_238_cov_0.906832	1	238	2	238	100	1.2605	30	60
NODE_3110_length_238_cov_0.906832	1	238	2	238	100	1.2605	30	60
NODE_3111_length_238_cov_0.906832	1	238	2	238	100	1.2605	30	60
NODE_3112_length_238_cov_0.906832	1	238	2	238	100	1.2605	30	60
NODE_3113_length_238_cov_0.906832	1	238	2	238	100	1.2605	30	60
NODE_3114_length_238_cov_0.832298	1	238	2	238	100	1.2605	30	60
NODE_3115_length_238_cov_0.807453	1	238	2	238	100	1.2605	30	60
NODE_3116_length_238_cov_0.776398	1	238	2	238	100	1.2605	30	60
NODE_3117_length_238_cov_0.695652	1	238	2	238	100	1.2605	30	60
NODE_3118_length_238_cov_0.695652	1	238	2	238	100	1.2605	30	60
NODE_3119_length_237_cov_3.650000	1	237	8	237	100	5.06329	30	60
NODE_3120_length_237_cov_2.737500	1	237	6	237	100	3.79747	30	60
NODE_3121_length_237_cov_2.737500	1	237	6	237	100	3.79747	30	60
NODE_3122_length_237_cov_1.825000	1	237	4	237	100	2.53165	30	60
NODE_3123_length_237_cov_1.825000	1	237	4	237	100	2.53165	30	60
NODE_3124_length_237_cov_1.825000	1	237	4	237	100	2.53165	30	60
NODE_3125_length_237_cov_1.825000	1	237	4	237	100	2.53165	30	60
NODE_3126_length_237_cov_1.825000	1	237	4	237	100	2.53165	30	60
NODE_3127_length_237_cov_1.825000	1	237	4	237	100	2.53165	30	60
NODE_3128_length_237_cov_1.825000	1	237	4	237	100	2.53165	30	60
NODE_3129_length_237_cov_1.825000	1	237	4	237	100	2.53165	30	60
NODE_3130_length_237_cov_1.825000	1	237	4	237	100	2.53165	30	60
NODE_3131_length_237_cov_1.825000	1	237	4	237	100	2.53165	30	60
NODE_3132_length_237_cov_1.825000	1	237	4	237	100	2.53165	30	60
NODE_3133_length_237_cov_1.668750	1	237	6	237	100	3.07595	30	58.8
NODE_3134_length_237_cov_1.600000	1	237	37	237	100	15.3797	30	20.8
NODE_3135_length_237_cov_1.418750	1	237	4	237	100	2.53165	30	60
NODE_3136_length_237_cov_0.912500	1	237	2	237	100	1.26582	30	60
NODE_3137_length_237_cov_0.912500	1	237	2	237	100	1.26582	30	60
NODE_3138_length_237_cov_0.912500	1	237	2	237	100	1.26582	30	60
NODE_3139_length_237_cov_0.912500	1	237	2	237	100	1.26582	30	60
NODE_3140_length_237_cov_0.912500	1	237	2	237	100	1.26582	30	60
NODE_3141_length_237_cov_0.912500	1	237	2	237	100	1.26582	30	60
NODE_3142_length_237_cov_0.912500	1	237	2	237	100	1.26582	30	60
NODE_3143_length_237_cov_0.912500	1	237	10	237	100	2.4346	30	17.9
NODE_3144_length_237_cov_0.912500	1	237	2	237	100	1.26582	30	60
NODE_3145_length_237_cov_0.912500	1	237	2	237	100	1.26582	30	60
NODE_3146_length_237_cov_0.912500	1	237	2	237	100	1.26582	30	60
NODE_3147_length_237_cov_0.912500	1	237	2	237	100	1.26582	30	60
NODE_3148_length_237_cov_0.912500	1	237	2	237	100	1.26582	30	60
NODE_3149_length_237_cov_0.912500	1	237	2	237	100	1.26582	30	60
NODE_3150_length_237_cov_0.912500	1	237	2	237	100	1.26582	30	60
NODE_3151_length_237_cov_0.912500	1	237	2	237	100	1.26582	30	60
NODE_3152_length_237_cov_0.912500	1	237	2	237	100	1.26582	30	60
NODE_3153_length_237_cov_0.912500	1	237	2	237	100	1.26582	30	60
NODE_3154_length_237_cov_0.912500	1	237	2	237	100	1.26582	30	60
NODE_3155_length_237_cov_0.912500	1	237	2	237	100	1.26582	30	60
NODE_3156_length_237_cov_0.912500	1	237	2	237	100	1.26582	30	60
NODE_3157_length_237_cov_0.912500	1	237	2	237	100	1.26582	30	60
NODE_3158_length_237_cov_0.912500	1	237	2	237	100	1.26582	30	60
NODE_3159_length_237_cov_0.912500	1	237	2	237	100	1.26582	30	60
NODE_3160_length_237_cov_0.912500	1	237	2	237	100	1.26582	30	60
NODE_3161_length_237_cov_0.912500	1	237	2	237	100	1.26582	30	60
NODE_3162_length_237_cov_0.912500	1	237	2	237	100	1.26582	30	60
NODE_3163_length_237_cov_0.912500	1	237	2	237	100	1.26582	30	60
NODE_3164_length_237_cov_0.912500	1	237	2	237	100	1.26582	30	60
NODE_3165_length_237_cov_0.912500	1	237	2	237	100	1.26582	30	60
NODE_3166_length_237_cov_0.912500	1	237	2	237	100	1.26582	30	60
NODE_3167_length_237_cov_0.912500	1	237	2	237	100	1.26582	30	60
NODE_3168_length_237_cov_0.912500	1	237	2	237	100	1.26582	30	60
NODE_3169_length_237_cov_0.912500	1	237	2	237	100	1.26582	30	60
NODE_3170_length_237_cov_0.912500	1	237	2	237	100	1.26582	30	60
NODE_3171_length_237_cov_0.912500	1	237	2	237	100	1.26582	30	60
NODE_3172_length_237_cov_0.912500	1	237	2	237	100	1.26582	30	60
NODE_3173_length_237_cov_0.912500	1	237	2	237	100	1.26582	30	60
NODE_3174_length_237_cov_0.912500	1	237	2	237	100	1.26582	30	60
NODE_3175_length_237_cov_0.912500	1	237	2	237	100	1.26582	30	60
NODE_3176_length_237_cov_0.912500	1	237	2	237	100	1.26582	30	60
NODE_3177_length_237_cov_0.912500	1	237	2	237	100	1.26582	30	60
NODE_3178_length_237_cov_0.912500	1	237	2	237	100	1.26582	30	60
NODE_3179_length_237_cov_0.912500	1	237	2	237	100	1.26582	30	60
NODE_3180_length_237_cov_0.912500	1	237	2	237	100	1.26582	30	60
NODE_3181_length_237_cov_0.843750	1	237	2	237	100	1.26582	30	60
NODE_3182_length_237_cov_0.837500	1	237	2	237	100	1.26582	30	60
NODE_3183_length_237_cov_0.825000	1	237	2	237	100	1.26582	30	60
NODE_3184_length_237_cov_0.725000	1	237	2	237	100	1.26582	30	60
NODE_3185_length_237_cov_0.712500	1	237	2	237	100	1.26582	30	60
NODE_3186_length_237_cov_0.656250	1	237	3	237	100	1.34177	30	57.7
NODE_3187_length_237_cov_0.650000	1	237	2	237	100	1.26582	30	60
NODE_3188_length_236_cov_3.672956	1	236	8	236	100	5.08475	30	60
NODE_3189_length_236_cov_3.672956	1	236	8	236	100	5.08475	30	60
NODE_3190_length_236_cov_2.754717	1	236	6	236	100	3.81356	30	60
NODE_3191_length_236_cov_2.754717	1	236	6	236	100	3.81356	30	58.3
NODE_3192_length_236_cov_2.754717	1	236	6	236	100	3.81356	30	60
NODE_3193_length_236_cov_2.628931	1	236	6	236	100	3.81356	30	60
NODE_3194_length_236_cov_1.836478	1	236	4	236	100	2.54237	30	60
NODE_3195_length_236_cov_1.836478	1	236	4	236	100	2.54237	30	60
NODE_3196_length_236_cov_1.836478	1	236	4	236	100	2.54237	30	60
NODE_3197_length_236_cov_1.836478	1	236	4	236	100	2.54237	30	60
NODE_3198_length_236_cov_1.836478	1	236	4	236	100	2.54237	30	60
NODE_3199_length_236_cov_1.836478	1	236	4	236	100	2.54237	30	60
NODE_3200_length_236_cov_1.836478	1	236	4	236	100	2.54237	30	60
NODE_3201_length_236_cov_1.610063	1	236	4	236	100	2.54237	30	60
NODE_3202_length_236_cov_1.446541	1	236	4	236	100	2.54237	30	60
NODE_3203_length_236_cov_1.440252	1	236	4	236	100	2.54237	30	60
NODE_3204_length_236_cov_0.918239	1	236	2	236	100	1.27119	30	60
NODE_3205_length_236_cov_0.918239	1	236	2	236	100	1.27119	30	60
NODE_3206_length_236_cov_0.918239	1	236	2	236	100	1.27119	30	60
NODE_3207_length_236_cov_0.918239	1	236	2	236	100	1.27119	30	60
NODE_3208_length_236_cov_0.918239	1	236	2	236	100	1.27119	30	60
NODE_3209_length_236_cov_0.918239	1	236	2	236	100	1.27119	30	60
NODE_3210_length_236_cov_0.918239	1	236	2	236	100	1.27119	30	60
NODE_3211_length_236_cov_0.918239	1	236	2	236	100	1.27119	30	60
NODE_3212_length_236_cov_0.918239	1	236	2	236	100	1.27119	30	60
NODE_3213_length_236_cov_0.918239	1	236	2	236	100	1.27119	30	60
NODE_3214_length_236_cov_0.918239	1	236	2	236	100	1.27119	30	60
NODE_3215_length_236_cov_0.918239	1	236	2	236	100	1.27119	30	60
NODE_3216_length_236_cov_0.918239	1	236	2	236	100	1.27119	30	60
NODE_3217_length_236_cov_0.918239	1	236	2	236	100	1.27119	30	60
NODE_3218_length_236_cov_0.918239	1	236	2	236	100	1.27119	30	60
NODE_3219_length_236_cov_0.918239	1	236	2	236	100	1.27119	30	60
NODE_3220_length_236_cov_0.918239	1	236	2	236	100	1.27119	30	60
NODE_3221_length_236_cov_0.918239	1	236	2	236	100	1.27119	30	60
NODE_3222_length_236_cov_0.918239	1	236	2	236	100	1.27119	30	60
NODE_3223_length_236_cov_0.918239	1	236	2	236	100	1.27119	30	60
NODE_3224_length_236_cov_0.918239	1	236	2	236	100	1.27119	30	60
NODE_3225_length_236_cov_0.918239	1	236	2	236	100	1.27119	30	60
NODE_3226_length_236_cov_0.918239	1	236	2	236	100	1.27119	30	60
NODE_3227_length_236_cov_0.918239	1	236	2	236	100	1.27119	30	60
NODE_3228_length_236_cov_0.918239	1	236	2	236	100	1.27119	30	60
NODE_3229_length_236_cov_0.918239	1	236	2	236	100	1.27119	30	60
NODE_3230_length_236_cov_0.918239	1	236	2	236	100	1.27119	30	60
NODE_3231_length_236_cov_0.918239	1	236	2	236	100	1.27119	30	60
NODE_3232_length_236_cov_0.918239	1	236	2	236	100	1.27119	30	60
NODE_3233_length_236_cov_0.918239	1	236	2	236	100	1.27119	30	60
NODE_3234_length_236_cov_0.918239	1	236	2	236	100	1.27119	30	60
NODE_3235_length_236_cov_0.918239	1	236	2	236	100	1.27119	30	60
NODE_3236_length_236_cov_0.918239	1	236	2	236	100	1.27119	30	60
NODE_3237_length_236_cov_0.918239	1	236	2	236	100	1.27119	30	60
NODE_3238_length_236_cov_0.918239	1	236	2	236	100	1.27119	30	60
NODE_3239_length_236_cov_0.918239	1	236	2	236	100	1.27119	30	60
NODE_3240_length_236_cov_0.918239	1	236	2	236	100	1.27119	30	60
NODE_3241_length_236_cov_0.918239	1	236	2	236	100	1.27119	30	60
NODE_3242_length_236_cov_0.918239	1	236	2	236	100	1.27119	30	60
NODE_3243_length_236_cov_0.918239	1	236	2	236	100	1.27119	30	60
NODE_3244_length_236_cov_0.918239	1	236	2	236	100	1.27119	30	60
NODE_3245_length_236_cov_0.918239	1	236	2	236	100	1.27119	30	60
NODE_3246_length_236_cov_0.905660	1	236	2	236	100	1.27119	30	60
NODE_3247_length_236_cov_0.899371	1	236	2	236	100	1.27119	30	60
NODE_3248_length_236_cov_0.761006	1	236	4	236	100	2.54237	30	60
NODE_3249_length_236_cov_0.754717	1	236	2	236	100	1.27119	30	60
NODE_3250_length_235_cov_2.772152	1	235	6	235	100	3.82979	30	60
NODE_3251_length_235_cov_2.772152	1	235	6	235	100	3.82979	30	60
NODE_3252_length_235_cov_2.310127	1	235	6	235	100	3.82979	30	60
NODE_3253_length_235_cov_1.848101	1	235	4	235	100	2.55319	30	60
NODE_3254_length_235_cov_1.848101	1	235	4	235	100	2.55319	30	60
NODE_3255_length_235_cov_1.848101	1	235	4	235	100	2.55319	30	60
NODE_3256_length_235_cov_1.848101	1	235	4	235	100	2.55319	30	60
NODE_3257_length_235_cov_1.822785	1	235	4	235	100	2.55319	30	60
NODE_3258_length_235_cov_1.518987	1	235	4	235	100	2.55319	30	60
NODE_3259_length_235_cov_0.924051	1	235	2	235	100	1.2766	30	60
NODE_3260_length_235_cov_0.924051	1	235	2	235	100	1.2766	30	60
NODE_3261_length_235_cov_0.924051	1	235	2	235	100	1.2766	30	60
NODE_3262_length_235_cov_0.924051	1	235	2	235	100	1.2766	30	60
NODE_3263_length_235_cov_0.924051	1	235	2	235	100	1.2766	30	60
NODE_3264_length_235_cov_0.924051	1	235	2	235	100	1.2766	30	60
NODE_3265_length_235_cov_0.924051	1	235	2	235	100	1.2766	30	60
NODE_3266_length_235_cov_0.924051	1	235	2	235	100	1.2766	30	60
NODE_3267_length_235_cov_0.924051	1	235	2	235	100	1.2766	30	60
NODE_3268_length_235_cov_0.924051	1	235	2	235	100	1.2766	30	60
NODE_3269_length_235_cov_0.924051	1	235	2	235	100	1.2766	30	60
NODE_3270_length_235_cov_0.924051	1	235	2	235	100	1.2766	30	60
NODE_3271_length_235_cov_0.924051	1	235	100	235	100	46.7149	30	12.5
NODE_3272_length_235_cov_0.924051	1	235	2	235	100	1.2766	30	60
NODE_3273_length_235_cov_0.924051	1	235	2	235	100	1.2766	30	60
NODE_3274_length_235_cov_0.924051	1	235	2	235	100	1.2766	30	60
NODE_3275_length_235_cov_0.924051	1	235	2	235	100	1.2766	30	60
NODE_3276_length_235_cov_0.924051	1	235	2	235	100	1.2766	30	60
NODE_3277_length_235_cov_0.924051	1	235	2	235	100	1.2766	30	60
NODE_3278_length_235_cov_0.924051	1	235	4	235	100	2.30638	30	59.5
NODE_3279_length_235_cov_0.924051	1	235	2	235	100	1.2766	30	60
NODE_3280_length_235_cov_0.924051	1	235	2	235	100	1.2766	30	60
NODE_3281_length_235_cov_0.924051	1	235	2	235	100	1.2766	30	60
NODE_3282_length_235_cov_0.924051	1	235	2	235	100	1.2766	30	60
NODE_3283_length_235_cov_0.924051	1	235	2	235	100	1.2766	30	60
NODE_3284_length_235_cov_0.924051	1	235	2	235	100	1.2766	30	60
NODE_3285_length_235_cov_0.924051	1	235	2	235	100	1.2766	30	60
NODE_3286_length_235_cov_0.924051	1	235	2	235	100	1.2766	30	60
NODE_3287_length_235_cov_0.924051	1	235	2	235	100	1.2766	30	60
NODE_3288_length_235_cov_0.924051	1	235	2	235	100	1.2766	30	60
NODE_3289_length_235_cov_0.924051	1	235	2	235	100	1.2766	30	60
NODE_3290_length_235_cov_0.924051	1	235	2	235	100	1.2766	30	60
NODE_3291_length_235_cov_0.924051	1	235	2	235	100	1.2766	30	60
NODE_3292_length_235_cov_0.924051	1	235	2	235	100	1.2766	30	60
NODE_3293_length_235_cov_0.924051	1	235	2	235	100	1.2766	30	60
NODE_3294_length_235_cov_0.924051	1	235	3	235	100	1.41277	30	40.7
NODE_3295_length_235_cov_0.924051	1	235	2	235	100	1.2766	30	60
NODE_3296_length_235_cov_0.924051	1	235	2	235	100	1.2766	30	60
NODE_3297_length_235_cov_0.924051	1	235	2	235	100	1.2766	30	60
NODE_3298_length_235_cov_0.924051	1	235	2	235	100	1.2766	30	60
NODE_3299_length_235_cov_0.924051	1	235	2	235	100	1.2766	30	60
NODE_3300_length_235_cov_0.924051	1	235	2	235	100	1.2766	30	60
NODE_3301_length_235_cov_0.924051	1	235	2	235	100	1.2766	30	60
NODE_3302_length_235_cov_0.924051	1	235	2	235	100	1.2766	30	60
NODE_3303_length_235_cov_0.924051	1	235	2	235	100	1.2766	30	60
NODE_3304_length_235_cov_0.924051	1	235	2	235	100	1.2766	30	60
NODE_3305_length_235_cov_0.924051	1	235	2	235	100	1.2766	30	60
NODE_3306_length_235_cov_0.924051	1	235	2	235	100	1.2766	30	60
NODE_3307_length_235_cov_0.892405	1	235	2	235	100	1.2766	30	60
NODE_3308_length_235_cov_0.848101	1	235	2	235	100	1.2766	30	60
NODE_3309_length_235_cov_0.822785	1	235	2	235	100	1.2766	30	60
NODE_3310_length_235_cov_0.797468	1	235	2	235	100	1.2766	30	60
NODE_3311_length_234_cov_2.789809	1	234	6	234	100	3.84615	30	60
NODE_3312_length_234_cov_2.789809	1	234	6	234	100	3.84615	30	60
NODE_3313_length_234_cov_1.859873	1	234	4	234	100	2.5641	30	60
NODE_3314_length_234_cov_1.859873	1	234	5	234	100	2.80769	30	48.2
NODE_3315_length_234_cov_1.859873	1	234	4	234	100	2.5641	30	60
NODE_3316_length_234_cov_1.859873	1	234	4	234	100	2.5641	30	60
NODE_3317_length_234_cov_1.859873	1	234	4	234	100	2.5641	30	60
NODE_3318_length_234_cov_1.859873	1	234	4	234	100	2.5641	30	60
NODE_3319_length_234_cov_1.859873	1	234	4	234	100	2.5641	30	60
NODE_3320_length_234_cov_1.859873	1	234	4	234	100	2.5641	30	60
NODE_3321_length_234_cov_1.859873	1	234	4	234	100	2.5641	30	60
NODE_3322_length_234_cov_1.847134	1	234	4	211	90.1709	2.5641	30	60
NODE_3323_length_234_cov_1.656051	1	234	4	234	100	2.5641	30	60
NODE_3324_length_234_cov_1.649682	1	234	4	234	100	2.5641	30	60
NODE_3325_length_234_cov_1.248408	1	234	4	234	100	2.26496	30	54.8
NODE_3326_length_234_cov_0.929936	1	234	2	234	100	1.28205	30	60
NODE_3327_length_234_cov_0.929936	1	234	2	234	100	1.28205	30	60
NODE_3328_length_234_cov_0.929936	1	234	2	234	100	1.28205	30	60
NODE_3329_length_234_cov_0.929936	1	234	2	234	100	1.28205	30	60
NODE_3330_length_234_cov_0.929936	1	234	2	234	100	1.28205	30	60
NODE_3331_length_234_cov_0.929936	1	234	2	234	100	1.28205	30	60
NODE_3332_length_234_cov_0.929936	1	234	2	234	100	1.28205	30	60
NODE_3333_length_234_cov_0.929936	1	234	2	234	100	1.28205	30	60
NODE_3334_length_234_cov_0.929936	1	234	2	234	100	1.28205	30	60
NODE_3335_length_234_cov_0.929936	1	234	2	234	100	1.28205	30	60
NODE_3336_length_234_cov_0.929936	1	234	2	234	100	1.28205	30	60
NODE_3337_length_234_cov_0.929936	1	234	4	234	100	1.51282	30	30.5
NODE_3338_length_234_cov_0.929936	1	234	2	234	100	1.28205	30	60
NODE_3339_length_234_cov_0.929936	1	234	2	234	100	1.28205	30	60
NODE_3340_length_234_cov_0.929936	1	234	2	234	100	1.28205	30	60
NODE_3341_length_234_cov_0.929936	1	234	2	234	100	1.28205	30	60
NODE_3342_length_234_cov_0.929936	1	234	2	234	100	1.28205	30	60
NODE_3343_length_234_cov_0.929936	1	234	2	234	100	1.28205	30	60
NODE_3344_length_234_cov_0.929936	1	234	2	234	100	1.28205	30	60
NODE_3345_length_234_cov_0.929936	1	234	2	234	100	1.28205	30	60
NODE_3346_length_234_cov_0.929936	1	234	2	234	100	1.28205	30	60
NODE_3347_length_234_cov_0.929936	1	234	2	234	100	1.28205	30	60
NODE_3348_length_234_cov_0.929936	1	234	2	234	100	1.28205	30	60
NODE_3349_length_234_cov_0.929936	1	234	2	234	100	1.28205	30	60
NODE_3350_length_234_cov_0.929936	1	234	2	234	100	1.28205	30	60
NODE_3351_length_234_cov_0.929936	1	234	2	234	100	1.28205	30	60
NODE_3352_length_234_cov_0.929936	1	234	2	234	100	1.28205	30	60
NODE_3353_length_234_cov_0.929936	1	234	2	234	100	1.28205	30	60
NODE_3354_length_234_cov_0.929936	1	234	2	234	100	1.28205	30	60
NODE_3355_length_234_cov_0.929936	1	234	2	234	100	1.28205	30	60
NODE_3356_length_234_cov_0.929936	1	234	2	234	100	1.28205	30	60
NODE_3357_length_234_cov_0.929936	1	234	2	234	100	1.28205	30	60
NODE_3358_length_234_cov_0.929936	1	234	2	234	100	1.28205	30	60
NODE_3359_length_234_cov_0.929936	1	234	2	234	100	1.28205	30	60
NODE_3360_length_234_cov_0.929936	1	234	2	234	100	1.28205	30	60
NODE_3361_length_234_cov_0.929936	1	234	2	234	100	1.28205	30	60
NODE_3362_length_234_cov_0.929936	1	234	16	234	100	5.64957	30	18.9
NODE_3363_length_234_cov_0.929936	1	234	2	234	100	1.28205	30	60
NODE_3364_length_234_cov_0.929936	1	234	2	234	100	1.28205	30	60
NODE_3365_length_234_cov_0.929936	1	234	10	234	100	2.78632	30	15.2
NODE_3366_length_234_cov_0.929936	1	234	2	234	100	1.28205	30	60
NODE_3367_length_234_cov_0.929936	1	234	2	234	100	1.28205	30	60
NODE_3368_length_234_cov_0.929936	1	234	2	234	100	1.28205	30	60
NODE_3369_length_234_cov_0.929936	1	234	2	234	100	1.28205	30	60
NODE_3370_length_234_cov_0.929936	1	234	2	234	100	1.28205	30	60
NODE_3371_length_234_cov_0.929936	1	234	2	234	100	1.28205	30	60
NODE_3372_length_234_cov_0.929936	1	234	2	234	100	1.28205	30	60
NODE_3373_length_234_cov_0.904459	1	234	2	234	100	1.28205	30	60
NODE_3374_length_234_cov_0.866242	1	234	2	234	100	1.28205	30	60
NODE_3375_length_234_cov_0.834395	1	234	2	234	100	1.28205	30	60
NODE_3376_length_234_cov_0.726115	1	234	4	234	100	1.75641	30	57
NODE_3377_length_234_cov_0.719745	1	234	4	234	100	2.47009	30	58
NODE_3378_length_234_cov_0.694268	1	234	3	234	100	1.73932	30	60
NODE_3379_length_233_cov_2.807692	1	233	6	233	100	3.86266	30	60
NODE_3380_length_233_cov_2.807692	1	233	6	233	100	3.86266	30	60
NODE_3381_length_233_cov_1.871795	1	233	4	233	100	2.57511	30	60
NODE_3382_length_233_cov_1.871795	1	233	4	233	100	2.57511	30	60
NODE_3383_length_233_cov_1.871795	1	233	4	233	100	2.57511	30	60
NODE_3384_length_233_cov_1.871795	1	233	4	233	100	2.57511	30	60
NODE_3385_length_233_cov_1.871795	1	233	4	233	100	2.57511	30	60
NODE_3386_length_233_cov_1.871795	1	233	4	233	100	2.57511	30	60
NODE_3387_length_233_cov_1.871795	1	233	4	233	100	2.57511	30	60
NODE_3388_length_233_cov_1.871795	1	233	4	233	100	2.57511	30	60
NODE_3389_length_233_cov_1.871795	1	233	4	233	100	2.57511	30	60
NODE_3390_length_233_cov_1.871795	1	233	4	233	100	2.57511	30	60
NODE_3391_length_233_cov_1.871795	1	233	4	233	100	2.57511	30	60
NODE_3392_length_233_cov_1.794872	1	233	4	233	100	2.57511	30	60
NODE_3393_length_233_cov_1.403846	1	233	4	233	100	2.57511	30	60
NODE_3394_length_233_cov_1.237179	1	233	4	233	100	2.57511	30	60
NODE_3395_length_233_cov_0.935897	1	233	2	233	100	1.28755	30	60
NODE_3396_length_233_cov_0.935897	1	233	2	233	100	1.28755	30	60
NODE_3397_length_233_cov_0.935897	1	233	2	233	100	1.28755	30	60
NODE_3398_length_233_cov_0.935897	1	233	8	233	100	2.27468	30	16.5
NODE_3399_length_233_cov_0.935897	1	233	2	233	100	1.28755	30	60
NODE_3400_length_233_cov_0.935897	1	233	2	233	100	1.28755	30	60
NODE_3401_length_233_cov_0.935897	1	233	2	233	100	1.28755	30	60
NODE_3402_length_233_cov_0.935897	1	233	2	233	100	1.28755	30	60
NODE_3403_length_233_cov_0.935897	1	233	2	233	100	1.28755	30	60
NODE_3404_length_233_cov_0.935897	1	233	2	233	100	1.28755	30	60
NODE_3405_length_233_cov_0.935897	1	233	2	233	100	1.28755	30	60
NODE_3406_length_233_cov_0.935897	1	233	2	233	100	1.28755	30	60
NODE_3407_length_233_cov_0.935897	1	233	2	233	100	1.28755	30	60
NODE_3408_length_233_cov_0.935897	1	233	2	233	100	1.28755	30	60
NODE_3409_length_233_cov_0.935897	1	233	2	233	100	1.28755	30	60
NODE_3410_length_233_cov_0.935897	1	233	2	233	100	1.28755	30	60
NODE_3411_length_233_cov_0.935897	1	233	2	233	100	1.28755	30	60
NODE_3412_length_233_cov_0.935897	1	233	2	233	100	1.28755	30	60
NODE_3413_length_233_cov_0.935897	1	233	2	233	100	1.28755	30	60
NODE_3414_length_233_cov_0.935897	1	233	2	233	100	1.28755	30	60
NODE_3415_length_233_cov_0.935897	1	233	2	233	100	1.28755	30	60
NODE_3416_length_233_cov_0.935897	1	233	2	233	100	1.28755	30	60
NODE_3417_length_233_cov_0.935897	1	233	2	233	100	1.28755	30	60
NODE_3418_length_233_cov_0.935897	1	233	2	233	100	1.28755	30	60
NODE_3419_length_233_cov_0.935897	1	233	2	233	100	1.28755	30	60
NODE_3420_length_233_cov_0.935897	1	233	2	233	100	1.28755	30	60
NODE_3421_length_233_cov_0.935897	1	233	2	233	100	1.28755	30	60
NODE_3422_length_233_cov_0.935897	1	233	2	233	100	1.28755	30	60
NODE_3423_length_233_cov_0.935897	1	233	2	233	100	1.28755	30	60
NODE_3424_length_233_cov_0.935897	1	233	2	233	100	1.28755	30	60
NODE_3425_length_233_cov_0.935897	1	233	2	233	100	1.28755	30	60
NODE_3426_length_233_cov_0.935897	1	233	2	233	100	1.28755	30	60
NODE_3427_length_233_cov_0.935897	1	233	4	233	100	1.70815	30	39.8
NODE_3428_length_233_cov_0.935897	1	233	4	233	100	2.13734	30	39.8
NODE_3429_length_233_cov_0.935897	1	233	2	233	100	1.28755	30	60
NODE_3430_length_233_cov_0.935897	1	233	2	233	100	1.28755	30	60
NODE_3431_length_233_cov_0.935897	1	233	2	233	100	1.28755	30	60
NODE_3432_length_233_cov_0.935897	1	233	2	233	100	1.28755	30	60
NODE_3433_length_233_cov_0.935897	1	233	2	233	100	1.28755	30	60
NODE_3434_length_233_cov_0.935897	1	233	2	233	100	1.28755	30	60
NODE_3435_length_233_cov_0.935897	1	233	2	233	100	1.28755	30	60
NODE_3436_length_233_cov_0.935897	1	233	2	233	100	1.28755	30	60
NODE_3437_length_233_cov_0.935897	1	233	2	233	100	1.28755	30	60
NODE_3438_length_233_cov_0.935897	1	233	2	233	100	1.28755	30	60
NODE_3439_length_233_cov_0.935897	1	233	2	233	100	1.28755	30	60
NODE_3440_length_233_cov_0.935897	1	233	2	233	100	1.28755	30	60
NODE_3441_length_233_cov_0.935897	1	233	2	233	100	1.28755	30	60
NODE_3442_length_233_cov_0.935897	1	233	2	233	100	1.28755	30	60
NODE_3443_length_233_cov_0.916667	1	233	2	233	100	1.28755	30	60
NODE_3444_length_233_cov_0.884615	1	233	2	233	100	1.28755	30	60
NODE_3445_length_233_cov_0.750000	1	233	2	233	100	1.28755	30	60
NODE_3446_length_233_cov_0.698718	1	233	4	233	100	1.81545	30	53.8
NODE_3447_length_233_cov_0.589744	1	233	23	233	100	9.39914	30	17
NODE_3448_length_232_cov_3.767742	1	232	8	232	100	5.17241	30	60
NODE_3449_length_232_cov_3.767742	1	232	8	232	100	5.17241	30	60
NODE_3450_length_232_cov_2.825806	1	232	6	232	100	3.87931	30	60
NODE_3451_length_232_cov_2.825806	1	232	6	232	100	3.87931	30	60
NODE_3452_length_232_cov_2.825806	1	232	6	232	100	3.87931	30	60
NODE_3453_length_232_cov_1.883871	1	232	4	232	100	2.58621	30	60
NODE_3454_length_232_cov_1.883871	1	232	4	232	100	2.58621	30	60
NODE_3455_length_232_cov_1.883871	1	232	4	232	100	2.58621	30	60
NODE_3456_length_232_cov_1.883871	1	232	4	232	100	2.58621	30	60
NODE_3457_length_232_cov_1.883871	1	232	4	232	100	2.58621	30	60
NODE_3458_length_232_cov_1.883871	1	232	4	232	100	2.58621	30	60
NODE_3459_length_232_cov_1.883871	1	232	4	232	100	2.58621	30	60
NODE_3460_length_232_cov_1.883871	1	232	4	232	100	2.58621	30	60
NODE_3461_length_232_cov_1.412903	1	232	3	232	100	1.93966	30	60
NODE_3462_length_232_cov_1.406452	1	232	4	232	100	2.58621	30	60
NODE_3463_length_232_cov_0.941935	1	232	2	232	100	1.2931	30	60
NODE_3464_length_232_cov_0.941935	1	232	2	232	100	1.2931	30	60
NODE_3465_length_232_cov_0.941935	1	232	2	232	100	1.2931	30	60
NODE_3466_length_232_cov_0.941935	1	232	2	232	100	1.2931	30	60
NODE_3467_length_232_cov_0.941935	1	232	3	232	100	1.42672	30	40.7
NODE_3468_length_232_cov_0.941935	1	232	2	232	100	1.2931	30	60
NODE_3469_length_232_cov_0.941935	1	232	2	232	100	1.2931	30	60
NODE_3470_length_232_cov_0.941935	1	232	2	232	100	1.2931	30	60
NODE_3471_length_232_cov_0.941935	1	232	2	232	100	1.2931	30	60
NODE_3472_length_232_cov_0.941935	1	232	2	232	100	1.2931	30	60
NODE_3473_length_232_cov_0.941935	1	232	2	232	100	1.2931	30	60
NODE_3474_length_232_cov_0.941935	1	232	2	232	100	1.2931	30	60
NODE_3475_length_232_cov_0.941935	1	232	2	232	100	1.2931	30	60
NODE_3476_length_232_cov_0.941935	1	232	2	232	100	1.2931	30	60
NODE_3477_length_232_cov_0.941935	1	232	2	232	100	1.2931	30	60
NODE_3478_length_232_cov_0.941935	1	232	8	232	100	2.61207	30	30.8
NODE_3479_length_232_cov_0.941935	1	232	2	232	100	1.2931	30	60
NODE_3480_length_232_cov_0.941935	1	232	2	232	100	1.2931	30	60
NODE_3481_length_232_cov_0.941935	1	232	2	232	100	1.2931	30	60
NODE_3482_length_232_cov_0.941935	1	232	2	232	100	1.2931	30	60
NODE_3483_length_232_cov_0.941935	1	232	2	232	100	1.2931	30	60
NODE_3484_length_232_cov_0.941935	1	232	2	232	100	1.2931	30	60
NODE_3485_length_232_cov_0.941935	1	232	2	232	100	1.2931	30	60
NODE_3486_length_232_cov_0.941935	1	232	2	232	100	1.2931	30	60
NODE_3487_length_232_cov_0.941935	1	232	2	232	100	1.2931	30	60
NODE_3488_length_232_cov_0.941935	1	232	2	232	100	1.2931	30	60
NODE_3489_length_232_cov_0.941935	1	232	2	232	100	1.2931	30	60
NODE_3490_length_232_cov_0.941935	1	232	2	232	100	1.2931	30	60
NODE_3491_length_232_cov_0.941935	1	232	2	232	100	1.2931	30	60
NODE_3492_length_232_cov_0.941935	1	232	2	232	100	1.2931	30	60
NODE_3493_length_232_cov_0.941935	1	232	2	232	100	1.2931	30	60
NODE_3494_length_232_cov_0.941935	1	232	2	232	100	1.2931	30	60
NODE_3495_length_232_cov_0.941935	1	232	2	232	100	1.2931	30	60
NODE_3496_length_232_cov_0.941935	1	232	2	232	100	1.2931	30	60
NODE_3497_length_232_cov_0.941935	1	232	2	232	100	1.2931	30	60
NODE_3498_length_232_cov_0.941935	1	232	2	232	100	1.2931	30	60
NODE_3499_length_232_cov_0.941935	1	232	2	232	100	1.2931	30	60
NODE_3500_length_232_cov_0.941935	1	232	2	232	100	1.2931	30	60
NODE_3501_length_232_cov_0.941935	1	232	2	232	100	1.2931	30	60
NODE_3502_length_232_cov_0.941935	1	232	2	232	100	1.2931	30	60
NODE_3503_length_232_cov_0.941935	1	232	2	232	100	1.2931	30	60
NODE_3504_length_232_cov_0.941935	1	232	2	232	100	1.2931	30	60
NODE_3505_length_232_cov_0.941935	1	232	2	232	100	1.2931	30	60
NODE_3506_length_232_cov_0.941935	1	232	2	232	100	1.2931	30	60
NODE_3507_length_232_cov_0.941935	1	232	2	232	100	1.2931	30	60
NODE_3508_length_232_cov_0.941935	1	232	2	232	100	1.2931	30	60
NODE_3509_length_232_cov_0.941935	1	232	2	232	100	1.2931	30	60
NODE_3510_length_232_cov_0.941935	1	232	2	232	100	1.2931	30	60
NODE_3511_length_232_cov_0.941935	1	232	2	232	100	1.2931	30	60
NODE_3512_length_232_cov_0.941935	1	232	6	232	100	1.76293	30	20.7
NODE_3513_length_232_cov_0.941935	1	232	2	232	100	1.2931	30	60
NODE_3514_length_232_cov_0.941935	1	232	2	232	100	1.2931	30	60
NODE_3515_length_232_cov_0.941935	1	232	2	232	100	1.2931	30	60
NODE_3516_length_232_cov_0.896774	1	232	3	232	100	1.54741	30	60
NODE_3517_length_232_cov_0.877419	1	232	2	232	100	1.2931	30	60
NODE_3518_length_232_cov_0.870968	1	232	2	232	100	1.2931	30	60
NODE_3519_length_232_cov_0.761290	1	232	2	232	100	1.2931	30	60
NODE_3520_length_232_cov_0.729032	1	232	2	232	100	1.2931	30	60
NODE_3521_length_232_cov_0.709677	1	232	2	232	100	1.26724	30	60
NODE_3522_length_232_cov_0.690323	1	232	2	232	100	1.2931	30	60
NODE_3523_length_231_cov_3.792208	1	231	8	231	100	5.19481	30	60
NODE_3524_length_231_cov_1.896104	1	231	4	231	100	2.5974	30	60
NODE_3525_length_231_cov_1.896104	1	231	5	231	100	2.75758	30	48.2
NODE_3526_length_231_cov_1.896104	1	231	4	231	100	2.5974	30	60
NODE_3527_length_231_cov_1.896104	1	231	4	231	100	2.5974	30	60
NODE_3528_length_231_cov_1.896104	1	231	4	231	100	2.5974	30	60
NODE_3529_length_231_cov_1.896104	1	231	4	231	100	2.5974	30	60
NODE_3530_length_231_cov_1.896104	1	231	4	231	100	2.5974	30	60
NODE_3531_length_231_cov_1.896104	1	231	4	231	100	2.5974	30	60
NODE_3532_length_231_cov_1.896104	1	231	4	231	100	2.5974	30	60
NODE_3533_length_231_cov_1.896104	1	231	4	231	100	2.5974	30	60
NODE_3534_length_231_cov_1.896104	1	231	4	231	100	2.5974	30	60
NODE_3535_length_231_cov_1.896104	1	231	4	231	100	2.5974	30	60
NODE_3536_length_231_cov_0.948052	1	231	2	231	100	1.2987	30	60
NODE_3537_length_231_cov_0.948052	1	231	2	231	100	1.2987	30	60
NODE_3538_length_231_cov_0.948052	1	231	2	231	100	1.2987	30	60
NODE_3539_length_231_cov_0.948052	1	231	2	231	100	1.2987	30	60
NODE_3540_length_231_cov_0.948052	1	231	2	231	100	1.2987	30	60
NODE_3541_length_231_cov_0.948052	1	231	2	231	100	1.2987	30	60
NODE_3542_length_231_cov_0.948052	1	231	2	231	100	1.2987	30	60
NODE_3543_length_231_cov_0.948052	1	231	2	231	100	1.2987	30	60
NODE_3544_length_231_cov_0.948052	1	231	2	231	100	1.2987	30	60
NODE_3545_length_231_cov_0.948052	1	231	2	231	100	1.2987	30	60
NODE_3546_length_231_cov_0.948052	1	231	2	231	100	1.2987	30	60
NODE_3547_length_231_cov_0.948052	1	231	2	231	100	1.2987	30	60
NODE_3548_length_231_cov_0.948052	1	231	2	231	100	1.2987	30	60
NODE_3549_length_231_cov_0.948052	1	231	2	231	100	1.2987	30	60
NODE_3550_length_231_cov_0.948052	1	231	2	231	100	1.2987	30	60
NODE_3551_length_231_cov_0.948052	1	231	2	231	100	1.2987	30	60
NODE_3552_length_231_cov_0.948052	1	231	2	231	100	1.2987	30	60
NODE_3553_length_231_cov_0.948052	1	231	2	231	100	1.2987	30	60
NODE_3554_length_231_cov_0.948052	1	231	2	231	100	1.2987	30	60
NODE_3555_length_231_cov_0.948052	1	231	2	231	100	1.2987	30	60
NODE_3556_length_231_cov_0.948052	1	231	2	231	100	1.2987	30	60
NODE_3557_length_231_cov_0.948052	1	231	2	231	100	1.2987	30	60
NODE_3558_length_231_cov_0.948052	1	231	2	231	100	1.2987	30	60
NODE_3559_length_231_cov_0.948052	1	231	2	231	100	1.2987	30	60
NODE_3560_length_231_cov_0.948052	1	231	2	231	100	1.2987	30	60
NODE_3561_length_231_cov_0.948052	1	231	2	231	100	1.2987	30	60
NODE_3562_length_231_cov_0.948052	1	231	2	231	100	1.2987	30	60
NODE_3563_length_231_cov_0.948052	1	231	2	231	100	1.2987	30	60
NODE_3564_length_231_cov_0.948052	1	231	2	231	100	1.2987	30	60
NODE_3565_length_231_cov_0.948052	1	231	2	231	100	1.2987	30	60
NODE_3566_length_231_cov_0.948052	1	231	2	231	100	1.2987	30	60
NODE_3567_length_231_cov_0.948052	1	231	2	231	100	1.2987	30	60
NODE_3568_length_231_cov_0.948052	1	231	2	231	100	1.2987	30	60
NODE_3569_length_231_cov_0.948052	1	231	2	231	100	1.2987	30	60
NODE_3570_length_231_cov_0.948052	1	231	2	231	100	1.2987	30	60
NODE_3571_length_231_cov_0.948052	1	231	2	231	100	1.2987	30	60
NODE_3572_length_231_cov_0.948052	1	231	2	231	100	1.2987	30	60
NODE_3573_length_231_cov_0.948052	1	231	2	231	100	1.2987	30	60
NODE_3574_length_231_cov_0.948052	1	231	2	231	100	1.2987	30	60
NODE_3575_length_231_cov_0.948052	1	231	2	231	100	1.2987	30	60
NODE_3576_length_231_cov_0.948052	1	231	2	231	100	1.2987	30	60
NODE_3577_length_231_cov_0.948052	1	231	2	231	100	1.2987	30	60
NODE_3578_length_231_cov_0.948052	1	231	2	231	100	1.2987	30	60
NODE_3579_length_231_cov_0.948052	1	231	2	231	100	1.2987	30	60
NODE_3580_length_231_cov_0.948052	1	231	2	231	100	1.2987	30	60
NODE_3581_length_231_cov_0.948052	1	231	2	231	100	1.2987	30	60
NODE_3582_length_231_cov_0.948052	1	231	2	231	100	1.2987	30	60
NODE_3583_length_231_cov_0.837662	1	231	2	231	100	1.2987	30	60
NODE_3584_length_231_cov_0.766234	1	231	2	231	100	1.2987	30	60
NODE_3585_length_231_cov_0.753247	1	231	2	231	100	1.2987	30	60
NODE_3586_length_231_cov_0.727273	1	231	2	231	100	1.2987	30	60
NODE_3587_length_231_cov_0.636364	1	231	2	231	100	1.2987	30	60
NODE_3588_length_230_cov_2.862745	1	230	6	230	100	3.91304	30	60
NODE_3589_length_230_cov_2.862745	1	230	6	230	100	3.91304	30	60
NODE_3590_length_230_cov_1.908497	1	230	4	230	100	2.6087	30	60
NODE_3591_length_230_cov_1.908497	1	230	4	230	100	2.6087	30	60
NODE_3592_length_230_cov_1.908497	1	230	4	230	100	2.6087	30	60
NODE_3593_length_230_cov_1.908497	1	230	4	230	100	2.6087	30	60
NODE_3594_length_230_cov_1.908497	1	230	4	230	100	2.6087	30	60
NODE_3595_length_230_cov_1.908497	1	230	4	230	100	2.6087	30	60
NODE_3596_length_230_cov_1.908497	1	230	4	230	100	2.6087	30	60
NODE_3597_length_230_cov_1.888889	1	230	4	230	100	2.6087	30	60
NODE_3598_length_230_cov_1.888889	1	230	6	230	100	3.44348	30	40.7
NODE_3599_length_230_cov_1.882353	1	230	4	230	100	2.6087	30	60
NODE_3600_length_230_cov_1.686275	1	230	4	230	100	2.6087	30	60
NODE_3601_length_230_cov_1.450980	1	230	4	230	100	2.6087	30	60
NODE_3602_length_230_cov_0.954248	1	230	2	230	100	1.30435	30	60
NODE_3603_length_230_cov_0.954248	1	230	2	230	100	1.30435	30	60
NODE_3604_length_230_cov_0.954248	1	230	2	230	100	1.30435	30	60
NODE_3605_length_230_cov_0.954248	1	230	2	230	100	1.30435	30	60
NODE_3606_length_230_cov_0.954248	1	230	2	230	100	1.30435	30	60
NODE_3607_length_230_cov_0.954248	1	230	2	230	100	1.30435	30	60
NODE_3608_length_230_cov_0.954248	1	230	2	230	100	1.30435	30	60
NODE_3609_length_230_cov_0.954248	1	230	2	230	100	1.30435	30	60
NODE_3610_length_230_cov_0.954248	1	230	2	230	100	1.30435	30	60
NODE_3611_length_230_cov_0.954248	1	230	2	230	100	1.30435	30	60
NODE_3612_length_230_cov_0.954248	1	230	2	230	100	1.30435	30	60
NODE_3613_length_230_cov_0.954248	1	230	2	230	100	1.30435	30	60
NODE_3614_length_230_cov_0.954248	1	230	2	230	100	1.30435	30	60
NODE_3615_length_230_cov_0.954248	1	230	5	230	100	1.65217	30	25.6
NODE_3616_length_230_cov_0.954248	1	230	2	230	100	1.30435	30	60
NODE_3617_length_230_cov_0.954248	1	230	2	230	100	1.30435	30	60
NODE_3618_length_230_cov_0.954248	1	230	2	230	100	1.30435	30	60
NODE_3619_length_230_cov_0.954248	1	230	2	230	100	1.30435	30	60
NODE_3620_length_230_cov_0.954248	1	230	2	230	100	1.30435	30	60
NODE_3621_length_230_cov_0.954248	1	230	2	230	100	1.30435	30	60
NODE_3622_length_230_cov_0.954248	1	230	2	230	100	1.30435	30	60
NODE_3623_length_230_cov_0.954248	1	230	2	230	100	1.30435	30	60
NODE_3624_length_230_cov_0.954248	1	230	12	230	100	5.8913	30	28.8
NODE_3625_length_230_cov_0.954248	1	230	2	230	100	1.30435	30	60
NODE_3626_length_230_cov_0.954248	1	230	2	230	100	1.30435	30	60
NODE_3627_length_230_cov_0.954248	1	230	2	230	100	1.30435	30	60
NODE_3628_length_230_cov_0.954248	1	230	2	230	100	1.30435	30	60
NODE_3629_length_230_cov_0.954248	1	230	2	230	100	1.30435	30	60
NODE_3630_length_230_cov_0.954248	1	230	2	230	100	1.30435	30	60
NODE_3631_length_230_cov_0.954248	1	230	2	230	100	1.30435	30	60
NODE_3632_length_230_cov_0.954248	1	230	2	230	100	1.30435	30	60
NODE_3633_length_230_cov_0.954248	1	230	2	230	100	1.30435	30	60
NODE_3634_length_230_cov_0.954248	1	230	2	230	100	1.30435	30	60
NODE_3635_length_230_cov_0.954248	1	230	2	230	100	1.30435	30	60
NODE_3636_length_230_cov_0.954248	1	230	2	230	100	1.30435	30	60
NODE_3637_length_230_cov_0.954248	1	230	2	230	100	1.30435	30	60
NODE_3638_length_230_cov_0.954248	1	230	2	230	100	1.30435	30	60
NODE_3639_length_230_cov_0.954248	1	230	2	230	100	1.30435	30	60
NODE_3640_length_230_cov_0.954248	1	230	2	230	100	1.30435	30	60
NODE_3641_length_230_cov_0.954248	1	230	2	230	100	1.30435	30	60
NODE_3642_length_230_cov_0.954248	1	230	2	230	100	1.30435	30	60
NODE_3643_length_230_cov_0.954248	1	230	2	230	100	1.30435	30	60
NODE_3644_length_230_cov_0.954248	1	230	2	230	100	1.30435	30	60
NODE_3645_length_230_cov_0.954248	1	230	2	230	100	1.30435	30	60
NODE_3646_length_230_cov_0.954248	1	230	2	230	100	1.30435	30	60
NODE_3647_length_230_cov_0.954248	1	230	2	230	100	1.30435	30	60
NODE_3648_length_230_cov_0.954248	1	230	2	230	100	1.30435	30	60
NODE_3649_length_230_cov_0.954248	1	230	2	230	100	1.30435	30	60
NODE_3650_length_230_cov_0.954248	1	230	2	230	100	1.30435	30	60
NODE_3651_length_230_cov_0.954248	1	230	2	230	100	1.30435	30	60
NODE_3652_length_230_cov_0.954248	1	230	2	230	100	1.30435	30	60
NODE_3653_length_230_cov_0.954248	1	230	2	230	100	1.30435	30	60
NODE_3654_length_230_cov_0.954248	1	230	2	230	100	1.30435	30	60
NODE_3655_length_230_cov_0.915033	1	230	2	230	100	1.30435	30	60
NODE_3656_length_230_cov_0.875817	1	230	2	230	100	1.30435	30	60
NODE_3657_length_230_cov_0.836601	1	230	2	230	100	1.30435	30	60
NODE_3658_length_230_cov_0.725490	1	230	2	230	100	1.30435	30	60
NODE_3659_length_230_cov_0.679739	1	230	2	230	100	1.30435	30	60
NODE_3660_length_229_cov_2.881579	1	229	6	229	100	3.93013	30	60
NODE_3661_length_229_cov_2.881579	1	229	6	229	100	3.93013	30	60
NODE_3662_length_229_cov_2.881579	1	229	6	229	100	3.93013	30	60
NODE_3663_length_229_cov_1.921053	1	229	4	229	100	2.62009	30	60
NODE_3664_length_229_cov_1.921053	1	229	4	229	100	2.62009	30	60
NODE_3665_length_229_cov_1.921053	1	229	4	229	100	2.62009	30	60
NODE_3666_length_229_cov_1.921053	1	229	4	229	100	2.62009	30	60
NODE_3667_length_229_cov_1.921053	1	229	4	229	100	2.62009	30	60
NODE_3668_length_229_cov_1.921053	1	229	4	229	100	2.62009	30	60
NODE_3669_length_229_cov_1.921053	1	229	4	229	100	2.62009	30	60
NODE_3670_length_229_cov_1.921053	1	229	4	229	100	2.62009	30	60
NODE_3671_length_229_cov_1.921053	1	229	4	229	100	2.62009	30	60
NODE_3672_length_229_cov_1.921053	1	229	4	229	100	2.62009	30	60
NODE_3673_length_229_cov_1.921053	1	229	4	229	100	2.62009	30	60
NODE_3674_length_229_cov_1.263158	1	229	4	229	100	2.56769	30	60
NODE_3675_length_229_cov_1.236842	1	229	4	229	100	2.62009	30	60
NODE_3676_length_229_cov_0.960526	1	229	2	229	100	1.31004	30	60
NODE_3677_length_229_cov_0.960526	1	229	2	229	100	1.31004	30	60
NODE_3678_length_229_cov_0.960526	1	229	2	229	100	1.31004	30	60
NODE_3679_length_229_cov_0.960526	1	229	2	229	100	1.31004	30	60
NODE_3680_length_229_cov_0.960526	1	229	4	229	100	1.65066	30	31
NODE_3681_length_229_cov_0.960526	1	229	2	229	100	1.31004	30	60
NODE_3682_length_229_cov_0.960526	1	229	2	229	100	1.31004	30	60
NODE_3683_length_229_cov_0.960526	1	229	2	229	100	1.31004	30	60
NODE_3684_length_229_cov_0.960526	1	229	2	229	100	1.31004	30	60
NODE_3685_length_229_cov_0.960526	1	229	2	229	100	1.31004	30	60
NODE_3686_length_229_cov_0.960526	1	229	2	229	100	1.31004	30	60
NODE_3687_length_229_cov_0.960526	1	229	2	229	100	1.31004	30	60
NODE_3688_length_229_cov_0.960526	1	229	2	229	100	1.31004	30	60
NODE_3689_length_229_cov_0.960526	1	229	2	229	100	1.31004	30	60
NODE_3690_length_229_cov_0.960526	1	229	14	229	100	3.84279	30	29.7
NODE_3691_length_229_cov_0.960526	1	229	2	229	100	1.31004	30	60
NODE_3692_length_229_cov_0.960526	1	229	9	228	99.5633	3.8821	30	40
NODE_3693_length_229_cov_0.960526	1	229	2	229	100	1.31004	30	60
NODE_3694_length_229_cov_0.960526	1	229	2	229	100	1.31004	30	60
NODE_3695_length_229_cov_0.960526	1	229	2	229	100	1.31004	30	60
NODE_3696_length_229_cov_0.960526	1	229	2	229	100	1.31004	30	60
NODE_3697_length_229_cov_0.960526	1	229	2	229	100	1.31004	30	60
NODE_3698_length_229_cov_0.960526	1	229	2	229	100	1.31004	30	60
NODE_3699_length_229_cov_0.960526	1	229	2	229	100	1.31004	30	60
NODE_3700_length_229_cov_0.960526	1	229	2	229	100	1.31004	30	60
NODE_3701_length_229_cov_0.960526	1	229	2	229	100	1.31004	30	60
NODE_3702_length_229_cov_0.960526	1	229	2	229	100	1.31004	30	60
NODE_3703_length_229_cov_0.960526	1	229	2	229	100	1.31004	30	60
NODE_3704_length_229_cov_0.960526	1	229	2	229	100	1.31004	30	60
NODE_3705_length_229_cov_0.960526	1	229	2	229	100	1.31004	30	60
NODE_3706_length_229_cov_0.960526	1	229	8	229	100	2.85153	30	18.8
NODE_3707_length_229_cov_0.960526	1	229	2	229	100	1.31004	30	60
NODE_3708_length_229_cov_0.960526	1	229	2	229	100	1.31004	30	60
NODE_3709_length_229_cov_0.960526	1	229	2	229	100	1.31004	30	60
NODE_3710_length_229_cov_0.960526	1	229	2	229	100	1.31004	30	60
NODE_3711_length_229_cov_0.960526	1	229	2	229	100	1.31004	30	60
NODE_3712_length_229_cov_0.960526	1	229	2	229	100	1.31004	30	60
NODE_3713_length_229_cov_0.960526	1	229	2	229	100	1.31004	30	60
NODE_3714_length_229_cov_0.960526	1	229	2	229	100	1.31004	30	60
NODE_3715_length_229_cov_0.960526	1	229	2	229	100	1.31004	30	60
NODE_3716_length_229_cov_0.960526	1	229	2	229	100	1.31004	30	60
NODE_3717_length_229_cov_0.960526	1	229	2	229	100	1.31004	30	60
NODE_3718_length_229_cov_0.960526	1	229	2	229	100	1.31004	30	60
NODE_3719_length_229_cov_0.960526	1	229	2	229	100	1.31004	30	60
NODE_3720_length_229_cov_0.960526	1	229	2	229	100	1.31004	30	60
NODE_3721_length_229_cov_0.960526	1	229	2	229	100	1.31004	30	60
NODE_3722_length_229_cov_0.960526	1	229	2	229	100	1.31004	30	60
NODE_3723_length_229_cov_0.960526	1	229	2	229	100	1.31004	30	60
NODE_3724_length_229_cov_0.960526	1	229	2	229	100	1.31004	30	60
NODE_3725_length_229_cov_0.960526	1	229	2	229	100	1.31004	30	60
NODE_3726_length_229_cov_0.769737	1	229	2	229	100	1.31004	30	60
NODE_3727_length_229_cov_0.723684	1	229	2	229	100	1.31004	30	60
NODE_3728_length_228_cov_3.867550	1	228	8	228	100	5.26316	30	60
NODE_3729_length_228_cov_2.900662	1	228	6	228	100	3.94737	30	60
NODE_3730_length_228_cov_2.900662	1	228	6	228	100	3.94737	30	60
NODE_3731_length_228_cov_2.900662	1	228	6	228	100	3.94737	30	60
NODE_3732_length_227_cov_2.556291	1	227	6	227	100	3.96035	30	60
NODE_3733_length_228_cov_1.933775	1	228	4	228	100	2.63158	30	60
NODE_3734_length_228_cov_1.933775	1	228	4	228	100	2.63158	30	60
NODE_3735_length_228_cov_1.933775	1	228	4	228	100	2.63158	30	60
NODE_3736_length_228_cov_1.933775	1	228	4	228	100	2.63158	30	60
NODE_3737_length_228_cov_1.933775	1	228	4	228	100	2.63158	30	60
NODE_3738_length_228_cov_1.933775	1	228	4	228	100	2.63158	30	60
NODE_3739_length_228_cov_1.933775	1	228	4	228	100	2.63158	30	60
NODE_3740_length_228_cov_1.933775	1	228	4	228	100	2.63158	30	60
NODE_3741_length_228_cov_1.933775	1	228	4	228	100	2.63158	30	60
NODE_3742_length_228_cov_1.933775	1	228	4	228	100	2.63158	30	60
NODE_3743_length_228_cov_1.933775	1	228	4	228	100	2.63158	30	60
NODE_3744_length_228_cov_1.933775	1	228	4	228	100	2.63158	30	60
NODE_3745_length_228_cov_1.907285	1	228	4	228	100	2.63158	30	60
NODE_3746_length_228_cov_1.668874	1	228	4	228	100	2.63158	30	60
NODE_3747_length_228_cov_1.238411	1	228	22	228	100	8.63596	30	20.2
NODE_3748_length_228_cov_0.966887	1	228	2	228	100	1.31579	30	60
NODE_3749_length_228_cov_0.966887	1	228	2	228	100	1.31579	30	60
NODE_3750_length_228_cov_0.966887	1	228	7	228	100	2.40789	30	22
NODE_3751_length_228_cov_0.966887	1	228	2	228	100	1.31579	30	60
NODE_3752_length_228_cov_0.966887	1	228	2	228	100	1.31579	30	60
NODE_3753_length_228_cov_0.966887	1	228	2	228	100	1.31579	30	60
NODE_3754_length_228_cov_0.966887	1	228	2	228	100	1.31579	30	60
NODE_3755_length_228_cov_0.966887	1	228	2	228	100	1.31579	30	60
NODE_3756_length_228_cov_0.966887	1	228	2	228	100	1.31579	30	60
NODE_3757_length_228_cov_0.966887	1	228	2	228	100	1.31579	30	60
NODE_3758_length_228_cov_0.966887	1	228	2	228	100	1.31579	30	60
NODE_3759_length_228_cov_0.966887	1	228	2	228	100	1.31579	30	60
NODE_3760_length_228_cov_0.966887	1	228	2	228	100	1.31579	30	60
NODE_3761_length_228_cov_0.966887	1	228	2	228	100	1.31579	30	60
NODE_3762_length_228_cov_0.966887	1	228	2	228	100	1.31579	30	60
NODE_3763_length_228_cov_0.966887	1	228	2	228	100	1.31579	30	60
NODE_3764_length_228_cov_0.966887	1	228	2	228	100	1.31579	30	60
NODE_3765_length_228_cov_0.966887	1	228	2	228	100	1.31579	30	60
NODE_3766_length_228_cov_0.966887	1	228	2	228	100	1.31579	30	60
NODE_3767_length_228_cov_0.966887	1	228	2	228	100	1.31579	30	60
NODE_3768_length_228_cov_0.966887	1	228	2	228	100	1.31579	30	60
NODE_3769_length_228_cov_0.966887	1	228	2	228	100	1.31579	30	60
NODE_3770_length_228_cov_0.966887	1	228	2	228	100	1.31579	30	60
NODE_3771_length_228_cov_0.966887	1	228	2	228	100	1.31579	30	60
NODE_3772_length_228_cov_0.966887	1	228	2	228	100	1.31579	30	60
NODE_3773_length_228_cov_0.966887	1	228	2	228	100	1.31579	30	60
NODE_3774_length_228_cov_0.966887	1	228	2	228	100	1.31579	30	60
NODE_3775_length_228_cov_0.966887	1	228	2	228	100	1.31579	30	60
NODE_3776_length_228_cov_0.966887	1	228	2	228	100	1.31579	30	60
NODE_3777_length_228_cov_0.966887	1	228	2	228	100	1.31579	30	60
NODE_3778_length_228_cov_0.966887	1	228	2	228	100	1.31579	30	60
NODE_3779_length_228_cov_0.966887	1	228	2	228	100	1.31579	30	60
NODE_3780_length_228_cov_0.966887	1	228	2	228	100	1.31579	30	60
NODE_3781_length_228_cov_0.966887	1	228	2	228	100	1.31579	30	60
NODE_3782_length_228_cov_0.966887	1	228	2	228	100	1.31579	30	60
NODE_3783_length_228_cov_0.966887	1	228	2	228	100	1.31579	30	60
NODE_3784_length_228_cov_0.966887	1	228	2	228	100	1.31579	30	60
NODE_3785_length_228_cov_0.966887	1	228	2	228	100	1.31579	30	60
NODE_3786_length_228_cov_0.966887	1	228	2	228	100	1.31579	30	60
NODE_3787_length_228_cov_0.966887	1	228	2	228	100	1.31579	30	60
NODE_3788_length_228_cov_0.966887	1	228	2	228	100	1.31579	30	60
NODE_3789_length_228_cov_0.966887	1	228	2	228	100	1.31579	30	60
NODE_3790_length_228_cov_0.966887	1	228	2	228	100	1.31579	30	60
NODE_3791_length_228_cov_0.966887	1	228	2	228	100	1.31579	30	60
NODE_3792_length_228_cov_0.966887	1	228	2	228	100	1.31579	30	60
NODE_3793_length_228_cov_0.966887	1	228	4	228	100	2.52632	30	57.2
NODE_3794_length_228_cov_0.966887	1	228	2	228	100	1.31579	30	60
NODE_3795_length_228_cov_0.966887	1	228	2	228	100	1.31579	30	60
NODE_3796_length_228_cov_0.966887	1	228	2	228	100	1.31579	30	60
NODE_3797_length_228_cov_0.966887	1	228	2	228	100	1.31579	30	60
NODE_3798_length_228_cov_0.966887	1	228	2	228	100	1.31579	30	60
NODE_3799_length_228_cov_0.966887	1	228	2	228	100	1.31579	30	60
NODE_3800_length_228_cov_0.966887	1	228	2	228	100	1.31579	30	60
NODE_3801_length_228_cov_0.966887	1	228	2	228	100	1.31579	30	60
NODE_3802_length_228_cov_0.966887	1	228	2	228	100	1.31579	30	60
NODE_3803_length_228_cov_0.854305	1	228	2	228	100	1.31579	30	60
NODE_3804_length_228_cov_0.748344	1	228	2	228	100	1.31579	30	60
NODE_3805_length_228_cov_0.721854	1	228	2	228	100	1.31579	30	60
NODE_3806_length_228_cov_0.715232	1	228	2	228	100	1.31579	30	60
NODE_3807_length_227_cov_17.560000	1	227	62	227	100	27.7621	30	53.9
NODE_3808_length_216_cov_1.402878	1	216	4	216	100	2.43519	30	24.2
NODE_3809_length_215_cov_23.427536	1	215	2291	215	100	1019.74	30	3.15
NODE_3810_length_204_cov_381986.212598	1	204	198772	204	100	139792	30	32.8
NODE_3811_length_195_cov_110.389831	1	195	265	195	100	108.092	30	14.2
NODE_3812_length_194_cov_30.230769	1	194	94	194	100	58.0361	30	44.7
NODE_3813_length_188_cov_213.693694	1	188	470	188	100	314.665	30	52.9
NODE_3814_length_174_cov_94.092593	1	174	14718	174	100	8351.28	30	0.432
NODE_3815_length_182_cov_629.980952	1	182	237	182	100	134.588	30	52.7
NODE_3816_length_179_cov_1.617647	1	179	4	167	93.2961	3.05587	30	55.5
NODE_3817_length_174_cov_0.835052	1	174	3	152	87.3563	2.01724	30	60
NODE_3818_length_173_cov_17.520833	1	173	30	173	100	20.5145	30	47.3
NODE_3819_length_169_cov_16.600000	1	169	1994	169	100	1036.23	30	45.4
NODE_3820_length_162_cov_861.235294	1	162	206	162	100	132.358	30	56
NODE_3821_length_155_cov_5659.974359	1	155	33	150	96.7742	22.8065	30	1.79
NODE_3822_length_155_cov_1092.833333	1	155	28	153	98.7097	15.4645	30	8
NODE_3823_length_155_cov_1060.987179	1	155	55	155	100	25.271	30	7.91
NODE_3824_length_155_cov_130.846154	1	155	5	146	94.1935	2.60645	30	12
NODE_3825_length_153_cov_115.807692	1	153	979	153	100	594.458	30	24.4
NODE_3826_length_155_cov_111.371795	1	155	906	155	100	430.703	30	5.37
NODE_3827_length_155_cov_67.551282	1	155	2306	155	100	1105.75	30	1.28
NODE_3828_length_155_cov_46.717949	1	155	99456	155	100	89130.6	30	14.6
NODE_3829_length_155_cov_38.679487	1	155	156	155	100	80.5226	30	5.73
NODE_3830_length_155_cov_34.884615	1	155	9	155	100	7.00645	30	17.1
NODE_3831_length_151_cov_24.346154	1	151	461	151	100	208.04	30	10.6
NODE_3832_length_154_cov_3747.623377	1	154	64	154	100	34.2078	30	4.84
NODE_3833_length_154_cov_401.870130	1	154	188	154	100	84.5519	30	2.52
NODE_3834_length_154_cov_391.259740	1	154	589	154	100	294.675	30	11.8
NODE_3835_length_154_cov_208.675325	1	154	29	154	100	20.3701	30	37.9
NODE_3836_length_154_cov_199.584416	1	154	186	154	100	128.662	30	1.28
NODE_3837_length_154_cov_92.545455	1	154	44	154	100	19.0519	30	6.02
NODE_3838_length_154_cov_86.961039	1	154	419	154	100	249.247	30	21
NODE_3839_length_154_cov_86.181818	1	154	122	154	100	48.9221	30	14.8
NODE_3840_length_154_cov_84.948052	1	154	2079	154	100	958.266	30	1.01
NODE_3841_length_154_cov_84.181818	1	154	65349	154	100	58924.7	30	1.3
NODE_3842_length_154_cov_75.129870	1	154	13	154	100	5.00649	30	5.54
NODE_3843_length_154_cov_54.636364	1	154	180	154	100	81.7338	30	3.87
NODE_3844_length_154_cov_54.246753	1	154	205	152	98.7013	96.0455	30	18.8
NODE_3845_length_154_cov_41.545455	1	154	312	154	100	140.149	30	0.92
NODE_3846_length_154_cov_39.000000	1	154	1406	154	100	663.409	30	2.52
NODE_3847_length_154_cov_27.194805	1	154	231	154	100	104.442	30	11.8
NODE_3848_length_154_cov_25.272727	1	154	326	154	100	151.091	30	0.788
NODE_3849_length_154_cov_21.857143	1	154	1097	154	100	540.136	30	4.39
NODE_3850_length_154_cov_21.116883	1	154	1418	154	100	378.351	30	13.3
NODE_3851_length_154_cov_20.324675	1	154	501	154	100	262.032	30	19.8
NODE_3852_length_153_cov_1195.881579	1	153	61	153	100	50.2549	30	18.6
NODE_3853_length_153_cov_547.078947	1	153	1684	153	100	903.876	30	58.4
NODE_3854_length_153_cov_310.671053	1	153	719	153	100	388.248	30	55.8
NODE_3855_length_153_cov_195.039474	1	153	537	153	100	257.601	30	5.85
NODE_3856_length_153_cov_65.171053	1	153	42	153	100	34.2418	30	40.4
NODE_3857_length_153_cov_51.947368	1	153	1021	153	100	528.105	30	10.8
NODE_3858_length_153_cov_28.223684	1	153	44	153	100	18.4118	30	7.55
NODE_3859_length_153_cov_26.328947	1	153	47	153	100	19.268	30	22.8
NODE_3860_length_153_cov_20.618421	1	153	50	153	100	23.3203	30	28.8
NODE_3861_length_152_cov_220.426667	1	152	44	152	100	22.4474	30	8.82
NODE_3862_length_152_cov_114.320000	1	152	20470	128	84.2105	5431.76	30	18
NODE_3863_length_152_cov_80.520000	1	152	719	152	100	426.526	30	1.35
NODE_3864_length_152_cov_45.986667	1	152	43	152	100	25.3618	30	9.44
NODE_3865_length_152_cov_41.000000	1	152	365	152	100	243.75	30	6.95
NODE_3866_length_152_cov_30.786667	1	152	130	152	100	58.9934	30	5.02
NODE_3867_length_152_cov_25.933333	1	152	102	152	100	49.4079	30	21.8
NODE_3868_length_152_cov_23.640000	1	152	168	152	100	102.368	30	8.28
NODE_3869_length_151_cov_1209.567568	1	151	26	151	100	10.5563	30	2.12
NODE_3870_length_151_cov_1143.918919	1	151	84	151	100	33.9801	30	18.7
NODE_3871_length_151_cov_280.486486	1	151	576	151	100	375.96	30	17
NODE_3872_length_151_cov_23.202703	1	151	121	151	100	69.404	30	19.8
NODE_3873_length_150_cov_276.767123	1	150	60	150	100	25.5533	30	9.77
NODE_3874_length_150_cov_45.767123	1	150	13	150	100	8.04667	30	10.2
NODE_3875_length_150_cov_38.589041	1	150	256	150	100	177.347	30	36.4
NODE_3876_length_150_cov_25.452055	1	150	11	141	94	6.64667	30	8.36
NODE_3877_length_150_cov_24.616438	1	150	476	150	100	292.9	30	18.8
NODE_3878_length_150_cov_22.342466	1	150	39	150	100	14.5733	30	13.5
NODE_3879_length_149_cov_2174.791667	1	149	62	149	100	24.8322	30	4.97
NODE_3880_length_149_cov_260.152778	1	149	114	149	100	59.3893	30	14.7
NODE_3881_length_149_cov_73.333333	1	149	31500	149	100	12795.7	30	24
NODE_3882_length_149_cov_66.250000	1	149	164	149	100	81.906	30	19.4
NODE_3883_length_149_cov_58.291667	1	149	171	149	100	99.7047	30	6.01
NODE_3884_length_149_cov_31.236111	1	149	24	149	100	10.5235	30	15.2
NODE_3885_length_149_cov_28.555556	1	149	921	149	100	554.94	30	2.71
NODE_3886_length_149_cov_26.791667	1	149	4070	149	100	1794.87	30	56.7
NODE_3887_length_145_cov_26.430556	1	145	1214	145	100	674.552	30	31.6
NODE_3888_length_149_cov_22.527778	1	149	194378	149	100	183754	30	1.9
NODE_3889_length_148_cov_385.577465	1	148	57	148	100	32.8716	30	6.75
NODE_3890_length_148_cov_280.816901	1	148	661	148	100	471.655	30	2.12
NODE_3891_length_148_cov_258.676056	1	148	477	148	100	370.27	30	2.12
NODE_3892_length_148_cov_201.267606	1	148	667	148	100	199.52	30	9.08
NODE_3893_length_148_cov_97.676056	1	148	40	140	94.5946	21.3716	30	13.6
NODE_3894_length_148_cov_90.563380	1	148	32	148	100	10.9392	30	7.91
NODE_3895_length_148_cov_82.211268	1	148	274	148	100	127.534	30	5.17
NODE_3896_length_147_cov_157661.728571	1	147	250121	147	100	200221	30	13.4
NODE_3897_length_147_cov_516.800000	1	147	19	147	100	7.92517	30	19.6
NODE_3898_length_147_cov_363.414286	1	147	34	147	100	15.034	30	12.6
NODE_3899_length_147_cov_343.471429	1	147	5	147	100	3.59864	30	2.4
NODE_3900_length_147_cov_337.742857	1	147	629	147	100	499.694	30	4.72
NODE_3901_length_147_cov_235.485714	1	147	2820	147	100	1680.8	30	2.13
NODE_3902_length_148_cov_233.785714	1	148	3464	148	100	2271.2	30	0.454
NODE_3903_length_147_cov_182.300000	1	147	87	147	100	45.2993	30	22
NODE_3904_length_147_cov_175.242857	1	147	17	139	94.5578	6.68027	30	4.71
NODE_3905_length_147_cov_154.700000	1	147	8	147	100	6.45578	30	7.62
NODE_3906_length_147_cov_147.385714	1	147	26	138	93.8776	10.5374	30	15.8
NODE_3907_length_147_cov_146.971429	1	147	278	147	100	139.946	30	27.9
NODE_3908_length_147_cov_105.400000	1	147	21	143	97.2789	7.95918	30	11.3
NODE_3909_length_147_cov_84.071429	1	147	19	147	100	8.08844	30	14.7
NODE_3910_length_147_cov_74.885714	1	147	28	134	91.1565	11.7755	30	14.6
NODE_3911_length_147_cov_51.485714	1	147	3366	147	100	1786.61	30	55.1
NODE_3912_length_147_cov_47.142857	1	147	1148	147	100	561.966	30	45.8
NODE_3913_length_147_cov_40.300000	1	147	2356	147	100	1210.09	30	40
NODE_3914_length_147_cov_39.471429	1	147	19	146	99.3197	8.78912	30	8.37
NODE_3915_length_147_cov_38.585714	1	147	264	147	100	158.177	30	5.24
NODE_3916_length_147_cov_37.771429	1	147	54	147	100	24.0816	30	17.8
NODE_3917_length_147_cov_28.800000	1	147	3705	147	100	1833.98	30	25
NODE_3918_length_147_cov_24.142857	1	147	42	147	100	19.1905	30	22.1
NODE_3919_length_147_cov_21.414286	1	147	4	115	78.2313	2.53741	30	25.8
NODE_3920_length_146_cov_300.637681	1	146	668	146	100	334.068	30	52.8
NODE_3921_length_146_cov_175.028986	1	146	4189	146	100	2859.23	30	56.7
NODE_3922_length_146_cov_68.898551	1	146	507	146	100	252.185	30	3.8
NODE_3923_length_146_cov_61.710145	1	146	1247	146	100	852.418	30	57.9
NODE_3924_length_146_cov_20.956522	1	146	278	146	100	213.041	30	3.07
NODE_3925_length_145_cov_32.632353	1	145	305097	145	100	303320	30	2.11
NODE_3926_length_143_cov_215.863636	1	143	34	143	100	11.1678	30	4.65
NODE_3927_length_143_cov_63.878788	1	143	255	143	100	181.902	30	11.4
NODE_3928_length_143_cov_60.984848	1	143	804	143	100	785.678	30	1.17
NODE_3929_length_143_cov_23.575758	1	143	64	143	100	37.2587	30	6.48
NODE_3930_length_142_cov_99.692308	1	142	259	142	100	222.775	30	13
NODE_3931_length_141_cov_244.109375	1	141	1025	141	100	939.298	30	7.47
NODE_3932_length_141_cov_138.406250	1	141	369	141	100	258.043	30	7.8
NODE_3933_length_141_cov_114.843750	1	141	643	141	100	576.227	30	7.5
NODE_3934_length_141_cov_53.890625	1	141	203	141	100	189.014	30	2.89
NODE_3935_length_141_cov_2.281250	1	141	3	141	100	2.02837	30	31
NODE_3936_length_140_cov_798.015873	1	140	1000	140	100	905.193	30	2.08
NODE_3937_length_140_cov_348.746032	1	140	68	137	97.8571	29.9214	30	4.31
NODE_3938_length_140_cov_295.746032	1	140	422	140	100	407.771	30	9.78
NODE_3939_length_140_cov_189.285714	1	140	20	136	97.1429	10.1857	30	3.25
NODE_3940_length_140_cov_146.730159	1	140	176	140	100	159.65	30	7.58
NODE_3941_length_140_cov_131.904762	1	140	165	140	100	149.7	30	6.12
NODE_3942_length_140_cov_88.825397	1	140	512	140	100	277.893	30	10.7
NODE_3943_length_140_cov_78.206349	1	140	829	140	100	257.507	30	7.02
NODE_3944_length_140_cov_69.380952	1	140	412	140	100	221.907	30	9.46
NODE_3945_length_140_cov_52.428571	1	140	907	140	100	285.393	30	7.73
NODE_3946_length_140_cov_42.571429	1	140	120	140	100	97.9786	30	3.6
NODE_3947_length_140_cov_41.539683	1	140	233	140	100	91.9286	30	6.89
NODE_3948_length_140_cov_25.523810	1	140	337	140	100	98.6071	30	3.21
NODE_3949_length_140_cov_22.190476	1	140	292	140	100	91.4786	30	3.42
NODE_3950_length_140_cov_21.634921	1	140	6	123	87.8571	3.84286	30	2.67
NODE_3951_length_139_cov_329.677419	1	139	583	139	100	570.353	30	8.32
NODE_3952_length_139_cov_173.080645	1	139	318	139	100	297.95	30	10.5
NODE_3953_length_139_cov_166.580645	1	139	684	139	100	617.813	30	10.5
NODE_3954_length_137_cov_102.225806	1	137	623	137	100	577.27	30	24.4
NODE_3955_length_139_cov_88.838710	1	139	53	139	100	30.6835	30	8.57
NODE_3956_length_137_cov_80.161290	1	137	496	137	100	383.175	30	37.2
NODE_3957_length_139_cov_72.709677	1	139	106	139	100	94.9353	30	2.24
NODE_3958_length_139_cov_64.806452	1	139	146	139	100	126.892	30	17.6
NODE_3959_length_139_cov_59.774194	1	139	161	139	100	148.252	30	3.3
NODE_3960_length_139_cov_45.500000	1	139	283	139	100	244.77	30	3.96
NODE_3961_length_136_cov_38.741935	1	136	221	136	100	206.86	30	8.52
NODE_3962_length_139_cov_36.612903	1	139	56	139	100	46.3022	30	28.6
NODE_3963_length_139_cov_33.758065	1	139	135	139	100	125.655	30	36.6
NODE_3964_length_139_cov_33.177419	1	139	68	139	100	59.9065	30	5.97
NODE_3965_length_139_cov_32.048387	1	139	99	139	100	82.9928	30	19.7
NODE_3967_length_139_cov_29.758065	1	139	99	139	100	81.0216	30	40.5
NODE_3968_length_136_cov_29.354839	1	136	285	136	100	249.838	30	4.15
NODE_3969_length_139_cov_24.322581	1	139	42	139	100	34.1799	30	14.3
NODE_3970_length_139_cov_21.080645	1	139	64	139	100	49.5612	30	4.8
NODE_3971_length_138_cov_20.645161	1	138	162	138	100	102.957	30	33.3
NODE_3972_length_138_cov_430.622951	1	138	15	138	100	6.66667	30	9.93
NODE_3973_length_138_cov_248.704918	1	138	406	138	100	363.841	30	44.8
NODE_3974_length_138_cov_179.147541	1	138	231	138	100	219.543	30	1.67
NODE_3975_length_138_cov_178.409836	1	138	229	138	100	212.58	30	3.53
NODE_3976_length_138_cov_156.606557	1	138	199	138	100	179.71	30	4.43
NODE_3977_length_138_cov_142.688525	1	138	136	138	100	90.1232	30	10.7
NODE_3978_length_138_cov_126.721311	1	138	180	138	100	164.297	30	10.3
NODE_3979_length_138_cov_90.344262	1	138	497	138	100	468.355	30	5.51
NODE_3980_length_138_cov_63.934426	1	138	114	138	100	91.6667	30	44
NODE_3981_length_138_cov_63.852459	1	138	187	138	100	151.304	30	4.11
NODE_3982_length_138_cov_49.803279	1	138	82	138	100	71.413	30	5.66
NODE_3983_length_138_cov_36.032787	1	138	61	138	100	58.3116	30	0.656
NODE_3984_length_138_cov_34.622951	1	138	14	77	55.7971	5.43478	30	17.1
NODE_3985_length_138_cov_33.590164	1	138	63	138	100	56.9493	30	4.08
NODE_3986_length_138_cov_33.409836	1	138	58	138	100	49.1087	30	4.19
NODE_3987_length_138_cov_31.557377	1	138	73	138	100	67.6522	30	14.2
NODE_3988_length_138_cov_29.540984	1	138	163	138	100	91.1377	30	23.4
NODE_3989_length_138_cov_28.704918	1	138	37	138	100	32.6304	30	1.84
NODE_3990_length_137_cov_320.300000	1	137	17	137	100	7.32117	30	11.2
NODE_3991_length_137_cov_135.033333	1	137	151	137	100	145.65	30	1.03
NODE_3992_length_137_cov_131.916667	1	137	339	137	100	114.226	30	14.4
NODE_3993_length_137_cov_63.750000	1	137	84	137	100	74.0876	30	6.04
NODE_3994_length_137_cov_36.133333	1	137	72	137	100	68.3504	30	8.68
NODE_3995_length_136_cov_29.916667	1	136	119	136	100	92.5368	30	38.3
NODE_3996_length_137_cov_22.133333	1	137	141	137	100	88.6715	30	44.4
NODE_3997_length_136_cov_532.711864	1	136	611	136	100	585.596	30	1.62
NODE_3998_length_136_cov_306.033898	1	136	562	136	100	493.184	30	8.29
NODE_3999_length_136_cov_288.372881	1	136	465	136	100	384.404	30	5.12
NODE_4000_length_136_cov_272.101695	1	136	397	136	100	379.456	30	5.1
NODE_4001_length_136_cov_230.966102	1	136	305	136	100	271.978	30	3.19
NODE_4002_length_136_cov_171.728814	1	136	42	136	100	26.8971	30	12.3
NODE_4003_length_136_cov_155.644068	1	136	206	136	100	186.397	30	15.9
NODE_4004_length_136_cov_132.593220	1	136	202	136	100	185.191	30	12.3
NODE_4005_length_136_cov_126.220339	1	136	96	136	100	73.875	30	13.5
NODE_4006_length_136_cov_120.186441	1	136	235	136	100	207.934	30	18.2
NODE_4007_length_136_cov_107.389831	1	136	124	136	100	118.912	30	8.56
NODE_4008_length_136_cov_105.508475	1	136	130	136	100	119.559	30	8.14
NODE_4009_length_136_cov_92.474576	1	136	137	136	100	121.059	30	4.7
NODE_4010_length_135_cov_83.983051	1	135	364	135	100	270.126	30	40
NODE_4011_length_136_cov_66.779661	1	136	443	136	100	307.728	30	38.3
NODE_4012_length_136_cov_56.661017	1	136	76	136	100	66.9559	30	3.86
NODE_4013_length_136_cov_33.118644	1	136	51	136	100	43.9265	30	4.02
NODE_4014_length_136_cov_30.627119	1	136	78	136	100	67.0147	30	15.5
NODE_4015_length_136_cov_28.559322	1	136	81	136	100	70.2353	30	14.9
NODE_4016_length_136_cov_24.457627	1	136	229	136	100	126.279	30	30.2
NODE_4017_length_135_cov_608.448276	1	135	695	135	100	647.637	30	5.1
NODE_4018_length_135_cov_474.310345	1	135	97	129	95.5556	53.5556	30	2.41
NODE_4019_length_135_cov_455.206897	1	135	40	135	100	19.1333	30	15.6
NODE_4020_length_135_cov_211.327586	1	135	21	135	100	10.5481	30	6.95
NODE_4021_length_135_cov_151.086207	1	135	178	135	100	165.363	30	1.49
NODE_4022_length_135_cov_132.741379	1	135	9	124	91.8519	5.2	30	16.4
NODE_4023_length_135_cov_126.879310	1	135	184	135	100	169.652	30	5.52
NODE_4024_length_135_cov_97.344828	1	135	190	135	100	160.689	30	15.6
NODE_4025_length_135_cov_96.879310	1	135	115	135	100	107.793	30	3.77
NODE_4026_length_135_cov_52.189655	1	135	109	135	100	92.4074	30	26.1
NODE_4027_length_135_cov_30.206897	1	135	36	135	100	33.6593	30	11.2
NODE_4028_length_135_cov_24.965517	1	135	11	115	85.1852	5.22963	30	8.36
NODE_4029_length_135_cov_24.931034	1	135	27	135	100	12.8074	30	2.78
NODE_4030_length_134_cov_631.929825	1	134	60	134	100	27.1791	30	6.87
NODE_4031_length_134_cov_132.614035	1	134	36	126	94.0299	17.3507	30	4.61
NODE_4032_length_132_cov_112.771930	1	132	179	132	100	167.682	30	4.19
NODE_4033_length_134_cov_53.649123	1	134	74	134	100	66	30	12.3
NODE_4034_length_132_cov_179.890909	1	132	65	132	100	37.4697	30	3.37
NODE_4035_length_132_cov_152.090909	1	132	2173	132	100	1907.24	30	23.2
NODE_4036_length_131_cov_312.018519	1	131	334	131	100	228.588	30	2.08
NODE_4037_length_131_cov_282.833333	1	131	142	131	100	105.779	30	21.3
NODE_4038_length_131_cov_43.481481	1	131	14	129	98.4733	8.16031	30	5.86
NODE_4039_length_131_cov_26.833333	1	131	4180	131	100	1403.42	30	1.56
NODE_4040_length_130_cov_166.339623	1	130	365	130	100	200.062	30	3.78
NODE_4041_length_130_cov_23.943396	1	130	6150	130	100	6096.85	30	1.64
NODE_4042_length_129_cov_33.019231	1	129	4	107	82.9457	1.64341	30	2
NODE_4043_length_128_cov_22.745098	1	128	121	128	100	84.2344	30	2.49
NODE_4044_length_127_cov_37.100000	1	127	7	123	96.8504	3.86614	30	21.4
NODE_4045_length_125_cov_934.020833	1	125	78	125	100	49.272	30	5.56
NODE_4046_length_125_cov_297.770833	1	125	15	122	97.6	7.024	30	9.53
NODE_4047_length_125_cov_20.687500	1	125	4	125	100	2.984	30	31.8
NODE_4048_length_124_cov_67.085106	1	124	32	118	95.1613	17.6613	30	6.88
NODE_4049_length_124_cov_20.553191	1	124	4	120	96.7742	2.33065	30	27.2
NODE_4050_length_123_cov_213111.326087	1	123	224086	123	100	204861	30	35.8
NODE_4051_length_123_cov_383.391304	1	123	116	123	100	63.8049	30	5.28
NODE_4052_length_123_cov_249.152174	1	123	37	77	62.6016	15.0244	30	0.297
NODE_4053_length_123_cov_219.369565	1	123	18	120	97.561	8.44715	30	4.94
NODE_4054_length_123_cov_29.978261	1	123	94	123	100	54.3252	30	21.6
NODE_4055_length_122_cov_639.444444	1	122	171	122	100	115.148	30	1.65
NODE_4056_length_122_cov_411.622222	1	122	14	122	100	8.81967	30	14.5
NODE_4057_length_122_cov_404.600000	1	122	176	122	100	82.1475	30	22.2
NODE_4058_length_122_cov_63.422222	1	122	2	64	52.459	1.04918	30	35
NODE_4059_length_122_cov_35.222222	1	122	36	122	100	18.6475	30	10.4
NODE_4060_length_122_cov_21.577778	1	122	3	122	100	1.66393	30	0.333
NODE_4061_length_121_cov_478.227273	1	121	8	121	100	4.85124	30	11.6
NODE_4062_length_121_cov_50.250000	1	121	2	116	95.8678	1.50413	30	10.5
NODE_4063_length_119_cov_910.404762	1	119	172	119	100	123.748	30	54.1
NODE_4064_length_119_cov_660.833333	1	119	88	119	100	68.7479	30	7.49
NODE_4065_length_119_cov_433.476190	1	119	66	119	100	40.605	30	6.21
NODE_4066_length_119_cov_24.261905	1	119	19	119	100	14.6723	30	1.63
NODE_4067_length_118_cov_674.097561	1	118	101	118	100	68.7627	30	1.25
NODE_4068_length_118_cov_502.975610	1	118	26	118	100	20.2966	30	2.69
NODE_4070_length_118_cov_20.975610	1	118	1	114	96.6102	0.966102	30	53
NODE_4071_length_117_cov_1700.225000	1	117	72	117	100	55.4615	30	41.1
NODE_4072_length_117_cov_74.050000	1	117	84	117	100	44.5812	30	3.5
NODE_4073_length_116_cov_344.666667	1	116	6	113	97.4138	2.69828	30	6.5
NODE_4074_length_116_cov_27.743590	1	116	7	115	99.1379	3.62069	30	12.7
NODE_4075_length_115_cov_596.000000	1	115	468	115	100	362.8	30	1.62
NODE_4076_length_115_cov_20.657895	1	115	3	104	90.4348	1.45217	30	4.67
NODE_4077_length_114_cov_321.324324	1	114	1	84	73.6842	0.736842	30	1
NODE_4078_length_114_cov_116.756757	1	114	9	57	50	4.27193	30	6.33
NODE_4079_length_113_cov_21.583333	1	113	136	113	100	45.6637	30	4.86
NODE_4080_length_112_cov_402.885714	1	112	9	111	99.1071	5.27679	30	13.6
NODE_4081_length_112_cov_2.914286	1	112	16	112	100	10.7411	30	16.8
NODE_4082_length_110_cov_441.696970	1	110	42	110	100	22.9818	30	5.12
NODE_4083_length_110_cov_120.333333	1	110	20	89	80.9091	9.81818	30	12.2
NODE_4084_length_110_cov_35.303030	1	110	6	95	86.3636	2.37273	30	0.667
NODE_4085_length_110_cov_1.878788	1	110	2	110	100	1.96364	30	37.5
NODE_4086_length_109_cov_1262.812500	1	109	14	109	100	10.367	30	8.21
NODE_4087_length_109_cov_208.375000	1	109	242	109	100	147.844	30	4.29
NODE_4088_length_109_cov_86.125000	1	109	49	109	100	40.1651	30	42.2
NODE_4089_length_109_cov_21.000000	1	109	13	109	100	11.6514	30	1.77
NODE_4090_length_108_cov_165.774194	1	108	5	108	100	3.35185	30	19.4
NODE_4091_length_108_cov_155.129032	1	108	14	91	84.2593	7.85185	30	23.1
NODE_4092_length_108_cov_34.548387	1	108	1	47	43.5185	0.435185	30	13
NODE_4093_length_107_cov_1300.233333	1	107	43	107	100	20.9439	30	1.37
NODE_4094_length_107_cov_547.300000	1	107	7	104	97.1963	3.82243	30	20.1
NODE_4095_length_107_cov_496.466667	1	107	66	107	100	34.4393	30	3.06
NODE_4096_length_107_cov_71.633333	1	107	2	101	94.3925	1.27103	30	6.5
NODE_4097_length_107_cov_24.500000	1	107	3	101	94.3925	2.46729	30	9.33
NODE_4098_length_107_cov_22.033333	1	107	10	101	94.3925	5.91589	30	15.6
NODE_4099_length_107_cov_2.200000	1	107	4	107	100	3.31776	30	29.2
NODE_4100_length_106_cov_1686.724138	1	106	5	106	100	3.34906	30	11.6
NODE_4101_length_106_cov_530.241379	1	106	1	106	100	1	30	60
NODE_4102_length_106_cov_68.482759	1	106	7	106	100	7	30	27.3
NODE_4103_length_105_cov_337302.107143	1	105	238	105	100	170.905	30	3.43
NODE_4104_length_105_cov_371.892857	1	105	10	105	100	5.19048	30	22.5
NODE_4105_length_105_cov_21.142857	1	105	14	61	58.0952	7.71429	30	14.5
NODE_4106_length_104_cov_254557.962963	1	104	169991	104	100	159351	30	28.9
NODE_4107_length_104_cov_592.259259	1	104	12	104	100	6.77885	30	2.75
NODE_4108_length_104_cov_443.703704	1	104	30	104	100	15.9519	30	5.93
NODE_4109_length_104_cov_320.111111	1	104	11	103	99.0385	6.03846	30	3.91
NODE_4110_length_104_cov_303.555556	1	104	4	99	95.1923	2.70192	30	26.8
NODE_4111_length_103_cov_440.576923	1	103	10	103	100	4.81553	30	2.4
NODE_4112_length_103_cov_218.730769	1	103	24	78	75.7282	13.8058	30	7.12
NODE_4113_length_102_cov_336.200000	1	102	210	102	100	134.529	30	9.69
NODE_4114_length_102_cov_28.920000	1	102	27	102	100	16.5882	30	8.07
NODE_4115_length_102_cov_24.000000	1	102	83	77	75.4902	46.0588	30	8.31
NODE_4116_length_101_cov_426.250000	1	101	156	101	100	110.851	30	2.62
NODE_4117_length_101_cov_357.000000	1	101	37	92	91.0891	24.3069	30	16.2
NODE_4118_length_101_cov_253.875000	1	101	3246	101	100	2558.85	30	58.4
NODE_4119_length_101_cov_240.083333	1	101	75	101	100	38.5545	30	11.3
NODE_4120_length_101_cov_122.250000	1	101	25	101	100	13.4653	30	9.12
NODE_4121_length_101_cov_23.583333	1	101	10	101	100	6.77228	30	28.1
NODE_4122_length_100_cov_615.521739	1	100	1404	100	100	994.05	30	26.8
NODE_4123_length_100_cov_50.739130	1	100	1037	91	91	558.42	30	6.87
NODE_4124_length_100_cov_33.304348	1	100	14	70	70	9.15	30	27.4
NODE_4125_length_99_cov_326762.409091	1	99	69	99	100	52.4747	30	5.81
NODE_4126_length_99_cov_1140.454545	1	99	12	99	100	8.24242	30	13.9
NODE_4127_length_99_cov_686.727273	1	99	8	99	100	5.15152	30	22.4
NODE_4128_length_99_cov_625.500000	1	99	6	97	97.9798	4.31313	30	28
NODE_4129_length_99_cov_616.590909	1	99	40	99	100	23.899	30	0.375
NODE_4130_length_99_cov_549.681818	1	99	4	86	86.8687	1.72727	30	11
NODE_4131_length_99_cov_488.409091	1	99	3796	99	100	1678.98	30	0.398
NODE_4132_length_99_cov_476.181818	1	99	2	55	55.5556	1.11111	30	43
NODE_4133_length_99_cov_249.090909	1	99	3711	99	100	1634.28	30	0.42
NODE_4134_length_98_cov_1101.285714	1	98	2	93	94.898	1.2449	30	1
NODE_4135_length_98_cov_657.476190	1	98	9	96	97.9592	6.10204	30	3.44
NODE_4136_length_98_cov_546.000000	1	98	19	98	100	17.1735	30	12
NODE_4137_length_98_cov_437.000000	1	98	27	98	100	18.1122	30	6.41
NODE_4138_length_98_cov_336.857143	1	98	5	98	100	3.63265	30	9
NODE_4139_length_98_cov_23.142857	1	98	1	98	100	1	30	1
NODE_4140_length_98_cov_21.571429	1	98	2	88	89.7959	1.4898	30	16
NODE_4142_length_98_cov_1.238095	1	98	1	98	100	1	30	60
NODE_4143_length_97_cov_365482.650000	1	97	96	97	100	73.4742	30	6
NODE_4144_length_97_cov_2142.750000	1	97	5	97	100	4.65979	30	30.6
NODE_4145_length_97_cov_1494.850000	1	97	24	97	100	13.6804	30	13
NODE_4146_length_97_cov_1152.450000	1	97	2	97	100	1.6701	30	4.5
NODE_4149_length_97_cov_633.650000	1	97	65	97	100	58.8969	30	3.43
NODE_4150_length_97_cov_429.600000	1	97	23	97	100	13.567	30	2.13
NODE_4151_length_97_cov_350.250000	1	97	2	70	72.1649	0.721649	30	0
NODE_4152_length_97_cov_131.750000	1	97	38	97	100	28.3299	30	10.8
NODE_4153_length_97_cov_35.400000	1	97	6	83	85.567	4.6701	30	6.17
NODE_4154_length_97_cov_34.550000	1	97	2	59	60.8247	1.18557	30	31
NODE_4155_length_97_cov_21.800000	1	97	1	97	100	1	30	1
NODE_4156_length_97_cov_4.800000	1	97	4	97	100	3.72165	30	40.2
NODE_4157_length_96_cov_986.315789	1	96	8	89	92.7083	4.91667	30	27.1
NODE_4158_length_96_cov_730.263158	1	96	33	96	100	21.6875	30	18
NODE_4159_length_96_cov_25.263158	1	96	2	77	80.2083	1.23958	30	19
NODE_4160_length_96_cov_21.789474	1	96	6	74	77.0833	3.53125	30	17.7
NODE_4161_length_96_cov_20.789474	1	96	1	44	45.8333	0.458333	30	0
NODE_4162_length_95_cov_1185.722222	1	95	17	95	100	12.0316	30	13
NODE_4163_length_95_cov_570.666667	1	95	1	95	100	1	30	9
NODE_4165_length_95_cov_237.055556	1	95	13	95	100	10.2421	30	28.6
NODE_4166_length_95_cov_51.722222	1	95	1	94	98.9474	0.989474	30	1
NODE_4167_length_95_cov_23.277778	1	95	3	95	100	2.91579	30	26.7
NODE_4168_length_95_cov_21.166667	1	95	3	89	93.6842	2.26316	30	4.67
NODE_4169_length_94_cov_96.882353	1	94	9	94	100	8.01064	30	58.1
NODE_4171_length_93_cov_2160.250000	1	93	16	93	100	10.7097	30	9.88
NODE_4173_length_92_cov_815.333333	1	92	4	67	72.8261	2.68478	30	31.2
NODE_4174_length_92_cov_762.000000	1	92	1	92	100	1	30	1
NODE_4175_length_92_cov_492.666667	1	92	2	92	100	1.47826	30	0.5
NODE_4176_length_92_cov_333.600000	1	92	1	66	71.7391	0.717391	30	18
NODE_4177_length_92_cov_74.066667	1	92	5	92	100	4.09783	30	1.6
NODE_4179_length_92_cov_4.000000	1	92	3	92	100	2.52174	30	21.3
NODE_4180_length_91_cov_237.142857	1	91	9	83	91.2088	6.02198	30	24.2
NODE_4182_length_90_cov_3571.769231	1	90	1337	90	100	1295.3	30	52.8
NODE_4183_length_90_cov_2683.076923	1	90	1	47	52.2222	0.522222	30	0
NODE_4184_length_90_cov_1056.307692	1	90	2	64	71.1111	1.42222	30	1
NODE_4186_length_90_cov_514.615385	1	90	2	65	72.2222	1.42222	30	11
NODE_4187_length_90_cov_234.307692	1	90	81	81	90	58.3667	30	1.68
NODE_4188_length_90_cov_220.692308	1	90	6	89	98.8889	4.43333	30	0.333
NODE_4189_length_90_cov_182.307692	1	90	4	90	100	3.22222	30	6.5
NODE_4190_length_90_cov_86.923077	1	90	2120	90	100	1721.1	30	0.977
NODE_4193_length_90_cov_16.692308	1	90	204	79	87.7778	154.656	30	0.52
NODE_4194_length_89_cov_2299.750000	1	89	9	83	93.2584	5.57303	30	1.67
NODE_4195_length_89_cov_963.416667	1	89	4	85	95.5056	2.33708	30	15.8
NODE_4196_length_89_cov_871.916667	1	89	34	77	86.5169	23.9213	30	4.47
NODE_4197_length_89_cov_599.583333	1	89	1	89	100	1	30	1
NODE_4198_length_89_cov_485.666667	1	89	2	89	100	1.34831	30	19.5
NODE_4199_length_89_cov_422.166667	1	89	8	72	80.8989	5.22472	30	17.2
NODE_4200_length_89_cov_387.666667	1	89	5	89	100	3.59551	30	3.6
NODE_4201_length_89_cov_298.250000	1	89	3	89	100	1.91011	30	2.67
NODE_4202_length_89_cov_179.750000	1	89	8	66	74.1573	4.7191	30	23.5
NODE_4203_length_89_cov_53.750000	1	89	110	74	83.1461	81.4382	30	8.23
NODE_4204_length_89_cov_49.166667	1	89	804	78	87.6404	651.888	30	0.852
NODE_4205_length_89_cov_24.500000	1	89	1	53	59.5506	0.595506	30	4
NODE_4206_length_89_cov_7.000000	1	89	109	89	100	78.1798	30	1.59
NODE_4207_length_88_cov_2190.818182	1	88	30	85	96.5909	21.1932	30	11.6
NODE_4208_length_88_cov_935.545455	1	88	7	81	92.0455	5.01136	30	49.4
NODE_4209_length_88_cov_563.727273	1	88	7	77	87.5	4.70455	30	13.7
NODE_4210_length_88_cov_439.363636	1	88	4	86	97.7273	2.68182	30	16.2
NODE_4211_length_88_cov_399.272727	1	88	39	81	92.0455	27.9318	30	19.1
NODE_4213_length_87_cov_1828.900000	1	87	110	85	97.7011	87.1494	30	1.05
NODE_4215_length_87_cov_575.300000	1	87	12	73	83.908	8.14943	30	25.9
NODE_4216_length_87_cov_158.100000	1	87	11	77	88.5057	7.09195	30	20
NODE_4217_length_87_cov_22.600000	1	87	1	51	58.6207	0.586207	30	6
NODE_4218_length_86_cov_1371.888889	1	86	1	63	73.2558	0.732558	30	4
NODE_4219_length_86_cov_625.555556	1	86	1	36	41.8605	0.418605	30	0
NODE_4220_length_86_cov_612.444444	1	86	3	64	74.4186	2.11628	30	30.7
NODE_4221_length_86_cov_441.111111	1	86	9	78	90.6977	5.38372	30	10.6
NODE_4222_length_86_cov_340.555556	1	86	5	86	100	4.36047	30	13.2
NODE_4223_length_86_cov_337.111111	1	86	7	86	100	4.7907	30	5.43
NODE_4224_length_85_cov_517.375000	1	85	4	78	91.7647	2.55294	30	3.75
NODE_4225_length_84_cov_1453.000000	1	84	8	84	100	5.72619	30	5.62
NODE_4228_length_84_cov_908.000000	1	84	25	74	88.0952	16.3214	30	31.3
NODE_4229_length_84_cov_706.428571	1	84	22	80	95.2381	12.631	30	6.09
NODE_4230_length_84_cov_448.857143	1	84	1	76	90.4762	0.904762	30	57
NODE_4231_length_84_cov_393.571429	1	84	5	84	100	3.19048	30	3
NODE_4232_length_84_cov_27.000000	1	84	1	62	73.8095	0.738095	30	0
NODE_4233_length_83_cov_232345.000000	1	83	37002	83	100	30867.4	30	33.7
NODE_4234_length_83_cov_3783.500000	1	83	2	83	100	1.62651	30	9
NODE_4235_length_83_cov_1262.166667	1	83	16	71	85.5422	12.9157	30	16.9
NODE_4237_length_83_cov_1031.833333	1	83	1	79	95.1807	0.951807	30	48
NODE_4238_length_83_cov_904.833333	1	83	3	83	100	1.72289	30	5.67
NODE_4239_length_83_cov_671.333333	1	83	5	82	98.7952	3.46988	30	12.8
NODE_4240_length_83_cov_516.166667	1	83	17	71	85.5422	13.6386	30	2.82
NODE_4241_length_83_cov_310.666667	1	83	21333	83	100	10912.4	30	1.03
NODE_4242_length_83_cov_223.000000	1	83	75	78	93.9759	39.6627	30	9.97
NODE_4243_length_83_cov_121.000000	1	83	15	68	81.9277	9.89157	30	10.5
NODE_4244_length_83_cov_81.500000	1	83	18	67	80.7229	12.8675	30	21.8
NODE_4245_length_82_cov_3195.400000	1	82	1	73	89.0244	0.890244	30	12
NODE_4246_length_82_cov_1706.200000	1	82	2	78	95.122	1.58537	30	16
NODE_4250_length_82_cov_703.600000	1	82	2	58	70.7317	1.19512	30	15
NODE_4251_length_82_cov_475.000000	1	82	5	74	90.2439	3.4878	30	0.2
NODE_4252_length_82_cov_463.200000	1	82	11	75	91.4634	8.91463	30	10.3
NODE_4253_length_82_cov_308.800000	1	82	71	82	100	60.7317	30	20.3
NODE_4254_length_82_cov_163.200000	1	82	2	81	98.7805	1.20732	30	6.5
NODE_4256_length_82_cov_152.000000	1	82	100	79	96.3415	80.3049	30	1.07
NODE_4258_length_82_cov_79.400000	1	82	12176	82	100	11098	30	50.5
NODE_4259_length_82_cov_22.600000	1	82	2	51	62.1951	0.804878	30	2.5
NODE_4260_length_81_cov_3005.500000	1	81	3	55	67.9012	1.64198	30	10
NODE_4262_length_81_cov_662.500000	1	81	7	81	100	3.61728	30	2.86
NODE_4263_length_81_cov_518.750000	1	81	1	66	81.4815	0.814815	30	50
NODE_4264_length_81_cov_515.500000	1	81	4	69	85.1852	2.92593	30	4.5
NODE_4265_length_81_cov_385.750000	1	81	6	78	96.2963	4.50617	30	1.5
NODE_4266_length_81_cov_361.000000	1	81	4	63	77.7778	2.20988	30	11.2
NODE_4267_length_81_cov_355.250000	1	81	69	81	100	52.3333	30	12.3
NODE_4268_length_81_cov_278.750000	1	81	1	66	81.4815	0.814815	30	0
NODE_4269_length_81_cov_232.750000	1	81	28	77	95.0617	21.7901	30	20.5
NODE_4270_length_81_cov_184.250000	1	81	9	76	93.8272	5.91358	30	6.44
NODE_4271_length_81_cov_59.750000	1	81	213	72	88.8889	176.79	30	1.04
NODE_4273_length_80_cov_366143.666667	1	80	6	79	98.75	5.15	30	3.67
NODE_4274_length_80_cov_359400.000000	1	80	7	80	100	5.6125	30	42.7
NODE_4275_length_80_cov_1445.000000	1	80	1	45	56.25	0.5625	30	0
NODE_4276_length_80_cov_1432.666667	1	80	7	80	100	6.6625	30	22.6
NODE_4277_length_80_cov_1349.666667	1	80	3	74	92.5	1.6625	30	11.7
NODE_4278_length_80_cov_817.666667	1	80	1	49	61.25	0.6125	30	9
NODE_4279_length_80_cov_787.666667	1	80	2	57	71.25	1.2125	30	15
NODE_4282_length_80_cov_600.666667	1	80	3	63	78.75	1.8375	30	25.7
NODE_4283_length_80_cov_581.666667	1	80	3	77	96.25	2.3375	30	18
NODE_4284_length_80_cov_342.666667	1	80	8	30	37.5	2.775	30	1
NODE_4285_length_80_cov_306.666667	1	80	209	79	98.75	177.762	30	16.1
NODE_4286_length_80_cov_248.333333	1	80	3	27	33.75	0.9875	30	8
NODE_4287_length_80_cov_248.000000	1	80	13	33	41.25	4.3625	30	3.08
NODE_4291_length_80_cov_138.666667	1	80	30	77	96.25	20.45	30	12.8
NODE_4292_length_80_cov_118.000000	1	80	9	32	40	3.2375	30	0.889
NODE_4293_length_80_cov_103.000000	1	80	1	73	91.25	0.9125	30	1
NODE_4294_length_80_cov_79.666667	1	80	1	59	73.75	0.7375	30	1
NODE_4295_length_80_cov_56.333333	1	80	24	80	100	16.55	30	5.25
NODE_4296_length_80_cov_40.333333	1	80	26	69	86.25	19.8375	30	4.73
NODE_4297_length_80_cov_9.000000	1	80	11	71	88.75	7.925	30	0.818
NODE_4298_length_80_cov_8.333333	1	80	61	69	86.25	50.525	30	0.607
NODE_4299_length_79_cov_363537.500000	1	79	3	58	73.4177	2.08861	30	35.3
NODE_4300_length_79_cov_91944.000000	1	79	1	76	96.2025	0.962025	30	1
NODE_4301_length_79_cov_1389.500000	1	79	23	77	97.4684	16.8481	30	18.1
NODE_4302_length_79_cov_1028.000000	1	79	5	77	97.4684	4.18987	30	19
NODE_4305_length_79_cov_805.500000	1	79	1	40	50.6329	0.506329	30	0
NODE_4306_length_79_cov_729.000000	1	79	37	78	98.7342	27.4684	30	15.8
NODE_4307_length_79_cov_720.000000	1	79	21	77	97.4684	14.8608	30	23.5
NODE_4308_length_79_cov_691.500000	1	79	1	53	67.0886	0.670886	30	30
NODE_4309_length_79_cov_657.000000	1	79	14	32	40.5063	4.79747	30	1.14
NODE_4311_length_79_cov_359.000000	1	79	1	28	35.443	0.35443	30	0
NODE_4312_length_79_cov_309.000000	1	79	1	35	44.3038	0.443038	30	0
NODE_4316_length_79_cov_158.000000	1	79	68	79	100	51.1139	30	7.16
NODE_4317_length_79_cov_140.000000	1	79	25	69	87.3418	19.5823	30	15.4
NODE_4318_length_79_cov_117.000000	1	79	1	40	50.6329	0.506329	30	4
NODE_4319_length_79_cov_108.000000	1	79	2	64	81.0127	0.810127	30	1.5
NODE_4320_length_79_cov_62.500000	1	79	8	68	86.0759	5.06329	30	9.12
NODE_4321_length_79_cov_61.000000	1	79	18	67	84.8101	12.1899	30	7.56
NODE_4322_length_79_cov_38.000000	1	79	12	67	84.8101	8.88608	30	10.4
NODE_4323_length_79_cov_38.000000	1	79	20	68	86.0759	13.3544	30	14.1
NODE_4324_length_79_cov_29.500000	1	79	5	78	98.7342	3.98734	30	10.4
NODE_4325_length_79_cov_26.000000	1	79	21	67	84.8101	13.8228	30	11.9
NODE_4327_length_79_cov_20.000000	1	79	7	65	82.2785	4.39241	30	0
NODE_4328_length_79_cov_16.500000	1	79	14	68	86.0759	9.89873	30	1.93
NODE_4329_length_79_cov_11.000000	1	79	10	68	86.0759	6.59494	30	15.7
NODE_4330_length_79_cov_10.500000	1	79	13	66	83.5443	8.73418	30	13
NODE_4331_length_78_cov_10.000000	1	78	34	69	88.4615	22.4359	30	6.41
NODE_4332_length_79_cov_9.500000	1	79	24	68	86.0759	17.7089	30	19.7
NODE_4333_length_79_cov_7.500000	1	79	17	68	86.0759	10.7089	30	15.6
NODE_4334_length_79_cov_6.500000	1	79	19	66	83.5443	14.2532	30	30.4
NODE_4335_length_79_cov_3.500000	1	79	27	66	83.5443	15.2658	30	4.78
NODE_4336_length_79_cov_2.500000	1	79	3	65	82.2785	1.8481	30	0
NODE_4337_length_79_cov_2.000000	1	79	14	79	100	9.26582	30	9.14
NODE_4338_length_78_cov_16679.000000	1	78	370	78	100	333.705	30	0.63
NODE_4339_length_78_cov_5610.000000	1	78	673	78	100	624.026	30	0.187
NODE_4340_length_78_cov_5266.000000	1	78	312	41	52.5641	112.397	30	2.15
NODE_4341_length_78_cov_3967.000000	1	78	10	78	100	5.24359	30	3.8
NODE_4342_length_78_cov_3941.000000	1	78	138	78	100	125.782	30	1.61
NODE_4343_length_78_cov_3234.000000	1	78	16	75	96.1538	14.0513	30	2.31
NODE_4345_length_78_cov_2716.000000	1	78	229	78	100	207.333	30	1.21
NODE_4346_length_78_cov_2163.000000	1	78	147	34	43.5897	52.3077	30	1.76
NODE_4347_length_78_cov_2060.000000	1	78	4	77	98.7179	2.0641	30	8
NODE_4348_length_78_cov_1930.000000	1	78	124	34	43.5897	44.2821	30	2.17
NODE_4349_length_78_cov_1818.000000	1	78	4	30	38.4615	1.44872	30	2
NODE_4350_length_78_cov_1507.000000	1	78	64	37	47.4359	25.7949	30	1.73
NODE_4351_length_78_cov_1471.000000	1	78	1274	78	100	451.436	30	3.94
NODE_4352_length_78_cov_1460.000000	1	78	222	78	100	202.064	30	1.02
NODE_4353_length_78_cov_1387.000000	1	78	240	77	98.7179	85.859	30	1.27
NODE_4354_length_78_cov_1383.000000	1	78	183	71	91.0256	64.9231	30	2.3
NODE_4358_length_78_cov_1164.000000	1	78	118	37	47.4359	47.1667	30	1.99
NODE_4359_length_78_cov_1104.000000	1	78	210	34	43.5897	74.3718	30	2.03
NODE_4361_length_78_cov_1027.000000	1	78	257	37	47.4359	92.6795	30	1.33
NODE_4363_length_78_cov_958.000000	1	78	249	41	52.5641	89.8974	30	2.07
NODE_4367_length_78_cov_721.000000	1	78	9	31	39.7436	3.29487	30	0
NODE_4368_length_78_cov_718.000000	1	78	94	76	97.4359	35.8205	30	6.44
NODE_4369_length_78_cov_678.000000	1	78	21	77	98.7179	13.2564	30	12
NODE_4370_length_78_cov_608.000000	1	78	190	78	100	169.128	30	12.4
NODE_4372_length_78_cov_540.000000	1	78	7	35	44.8718	2.55128	30	4.57
NODE_4373_length_78_cov_508.000000	1	78	1	65	83.3333	0.833333	30	1
NODE_4375_length_78_cov_477.000000	1	78	227	78	100	200.141	30	1.72
NODE_4376_length_78_cov_459.000000	1	78	3	73	93.5897	2.16667	30	15.7
NODE_4378_length_78_cov_436.000000	1	78	1	29	37.1795	0.371795	30	0
NODE_4379_length_78_cov_427.000000	1	78	265	78	100	244.513	30	0.234
NODE_4380_length_78_cov_424.000000	1	78	20	77	98.7179	13.2436	30	10.8
NODE_4381_length_78_cov_423.000000	1	78	6	29	37.1795	2.0641	30	2.67
NODE_4382_length_78_cov_395.000000	1	78	9	77	98.7179	3.42308	30	3.67
NODE_4383_length_78_cov_369.000000	1	78	5	78	100	2.28205	30	1.8
NODE_4384_length_78_cov_339.000000	1	78	1	67	85.8974	0.858974	30	0
NODE_4385_length_78_cov_332.000000	1	78	2	26	33.3333	0.653846	30	4
NODE_4386_length_78_cov_329.000000	1	78	3	75	96.1538	2.24359	30	3.67
NODE_4388_length_78_cov_282.000000	1	78	5	29	37.1795	1.75641	30	1.6
NODE_4389_length_78_cov_277.000000	1	78	1	26	33.3333	0.333333	30	8
NODE_4390_length_78_cov_235.000000	1	78	1	30	38.4615	0.384615	30	0
NODE_4391_length_78_cov_218.000000	1	78	2127	78	100	1935.59	30	0.553
NODE_4393_length_78_cov_208.000000	1	78	5	77	98.7179	3.78205	30	16.6
NODE_4395_length_78_cov_189.000000	1	78	2114	78	100	1922.17	30	0.411
NODE_4396_length_78_cov_150.000000	1	78	5	77	98.7179	3.91026	30	14
NODE_4398_length_78_cov_132.000000	1	78	2	75	96.1538	1.92308	30	0
NODE_4399_length_78_cov_128.000000	1	78	6	78	100	4.48718	30	2.17
NODE_4400_length_78_cov_122.000000	1	78	145	78	100	120.679	30	1.23
NODE_4403_length_78_cov_73.000000	1	78	81	78	100	68.9359	30	1.9
NODE_4404_length_78_cov_66.000000	1	78	89	78	100	69.5641	30	3.82
NODE_4405_length_78_cov_65.000000	1	78	69	77	98.7179	55.1795	30	8.65
NODE_4406_length_78_cov_64.000000	1	78	96	78	100	85.9744	30	1.26
NODE_4408_length_78_cov_59.000000	1	78	56	78	100	43.6282	30	9.3
NODE_4409_length_78_cov_54.000000	1	78	1	40	51.2821	0.512821	30	0
NODE_4410_length_78_cov_48.000000	1	78	86	78	100	72.641	30	10.8
NODE_4412_length_78_cov_21.000000	1	78	32	76	97.4359	20.2308	30	18
NODE_3966_length_139_cov_31.338710	1	139	0	0	0	0	0	0
NODE_4069_length_118_cov_22.195122	1	118	0	0	0	0	0	0
NODE_4141_length_98_cov_21.142857	1	98	0	0	0	0	0	0
NODE_4147_length_97_cov_834.900000	1	97	0	0	0	0	0	0
NODE_4148_length_97_cov_706.700000	1	97	0	0	0	0	0	0
NODE_4164_length_95_cov_544.388889	1	95	0	0	0	0	0	0
NODE_4170_length_94_cov_27.176471	1	94	0	0	0	0	0	0
NODE_4172_length_93_cov_38.625000	1	93	0	0	0	0	0	0
NODE_4178_length_92_cov_22.000000	1	92	0	0	0	0	0	0
NODE_4181_length_91_cov_22.571429	1	91	0	0	0	0	0	0
NODE_4185_length_90_cov_850.538462	1	90	0	0	0	0	0	0
NODE_4191_length_90_cov_39.230769	1	90	0	0	0	0	0	0
NODE_4192_length_90_cov_30.769231	1	90	0	0	0	0	0	0
NODE_4212_length_88_cov_84.545455	1	88	0	0	0	0	0	0
NODE_4214_length_87_cov_1410.900000	1	87	0	0	0	0	0	0
NODE_4226_length_84_cov_1274.142857	1	84	0	0	0	0	0	0
NODE_4227_length_84_cov_1125.000000	1	84	0	0	0	0	0	0
NODE_4236_length_83_cov_1047.500000	1	83	0	0	0	0	0	0
NODE_4247_length_82_cov_997.400000	1	82	0	0	0	0	0	0
NODE_4248_length_82_cov_850.000000	1	82	0	0	0	0	0	0
NODE_4249_length_82_cov_762.800000	1	82	0	0	0	0	0	0
NODE_4255_length_82_cov_160.400000	1	82	0	0	0	0	0	0
NODE_4257_length_82_cov_107.000000	1	82	0	0	0	0	0	0
NODE_4261_length_81_cov_1563.750000	1	81	0	0	0	0	0	0
NODE_4272_length_81_cov_21.000000	1	81	0	0	0	0	0	0
NODE_4280_length_80_cov_673.333333	1	80	0	0	0	0	0	0
NODE_4281_length_80_cov_629.333333	1	80	0	0	0	0	0	0
NODE_4288_length_80_cov_226.333333	1	80	0	0	0	0	0	0
NODE_4289_length_80_cov_215.666667	1	80	0	0	0	0	0	0
NODE_4290_length_80_cov_181.000000	1	80	0	0	0	0	0	0
NODE_4303_length_79_cov_830.000000	1	79	0	0	0	0	0	0
NODE_4304_length_79_cov_814.500000	1	79	0	0	0	0	0	0
NODE_4310_length_79_cov_596.000000	1	79	0	0	0	0	0	0
NODE_4313_length_79_cov_263.000000	1	79	0	0	0	0	0	0
NODE_4314_length_79_cov_262.500000	1	79	0	0	0	0	0	0
NODE_4315_length_79_cov_180.000000	1	79	0	0	0	0	0	0
NODE_4326_length_79_cov_23.000000	1	79	0	0	0	0	0	0
NODE_4344_length_78_cov_2851.000000	1	78	0	0	0	0	0	0
NODE_4355_length_78_cov_1367.000000	1	78	0	0	0	0	0	0
NODE_4356_length_78_cov_1268.000000	1	78	0	0	0	0	0	0
NODE_4357_length_78_cov_1232.000000	1	78	0	0	0	0	0	0
NODE_4360_length_78_cov_1054.000000	1	78	0	0	0	0	0	0
NODE_4362_length_78_cov_986.000000	1	78	0	0	0	0	0	0
NODE_4364_length_78_cov_823.000000	1	78	0	0	0	0	0	0
NODE_4365_length_78_cov_809.000000	1	78	0	0	0	0	0	0
NODE_4366_length_78_cov_801.000000	1	78	0	0	0	0	0	0
NODE_4371_length_78_cov_591.000000	1	78	0	0	0	0	0	0
NODE_4374_length_78_cov_481.000000	1	78	0	0	0	0	0	0
NODE_4377_length_78_cov_440.000000	1	78	0	0	0	0	0	0
NODE_4387_length_78_cov_306.000000	1	78	0	0	0	0	0	0
NODE_4392_length_78_cov_215.000000	1	78	0	0	0	0	0	0
NODE_4394_length_78_cov_208.000000	1	78	0	0	0	0	0	0
NODE_4397_length_78_cov_135.000000	1	78	0	0	0	0	0	0
NODE_4401_length_78_cov_108.000000	1	78	0	0	0	0	0	0
NODE_4402_length_78_cov_104.000000	1	78	0	0	0	0	0	0
NODE_4407_length_78_cov_64.000000	1	78	0	0	0	0	0	0
NODE_4411_length_78_cov_40.000000	1	78	0	0	0	0	0	0
